Workbook

Sheet ENTRY SHEET
G1: DAILY REPORT OF APRIL-2026
F2: DATE | G2: .
G3: HOUR METER | J3: KILO METER | M3: MINES TRIPS | R3: REHANDLING C.PLANT | Y3: SIFTING TRIP | AF3: H.S.D REPORT | AN3: REMARKS
F4: VICHELE NO. | G4: OMR | H4: CMR | I4: TOTAL HOURS | J4: OMR | K4: CMR | L4: TOTAL KM | M4: ROM | N4: OB | O4: S.ORE | P4: BD | Q4: TOTAL TRIPS | R4: ROM TRIP | S4: 10\40 TRIP | T4: FINES TRIP | U4: LR TRIP | V4: OB TRIP | W4: REHANDLING TRIP | X4: TOTAL REHANDLING H.R | Y4: 10\40 TRIP | Z4: FINES TRIP | AA4: 10\40 MT | AB4: FINES MT | AC4: SIFTING HOURS | AD4: TOTAL SIFTING TRIP | AE4: TOTAL SIFTING TONES | AF4: OPENING BALANCE | AG4: ISSUE H.S.D | AH4: TOTAL H.S.D | AI4: Diesel Consumption | AJ4: CLOSING BALANCE | AK4: PER HRS CONS. | AL4: Tank capacity | AM4: Tanking Full Required
F5: VOLVO 300-2 | I5: =H5-G5 -> 0 | Q5: =P5+O5+N5+M5 -> 0 | W5: =R5+S5+T5+U5+V5 -> 0 | AD5: =Y5+Z5 -> 0 | AE5: =AA5+AB5 -> 0 | AH5: =AG5+AF5 -> 0 | AI5: =AH5-AJ5 -> 0 | AK5: =AI5/I5 -> #DIV/0! | AL5: 460 | AM5: =AL5-AJ5 -> 460
F6: VOLVO-300-7 | I6: =H6-G6 -> 0 | Q6: =P6+O6+N6+M6 -> 0 | W6: =R6+S6+T6+U6+V6 -> 0 | AD6: =Y6+Z6 -> 0 | AE6: =AA6+AB6 -> 0 | AH6: =AG6+AF6 -> 0 | AI6: =AH6-AJ6 -> 0 | AK6: =AI6/I6 -> #DIV/0! | AL6: 460 | AM6: =AL6-AJ6 -> 460
F7: HITACHI-350 | I7: =H7-G7 -> 0 | Q7: =P7+O7+N7+M7 -> 0 | W7: =R7+S7+T7+U7+V7 -> 0 | AD7: =Y7+Z7 -> 0 | AE7: =AA7+AB7 -> 0 | AH7: =AG7+AF7 -> 0 | AI7: =AH7-AJ7 -> 0 | AK7: =AI7/I7 -> #DIV/0! | AL7: 460 | AM7: =AL7-AJ7 -> 460
F8: VOLVO-480 | I8: =H8-G8 -> 0 | Q8: =P8+O8+N8+M8 -> 0 | W8: =R8+S8+T8+U8+V8 -> 0 | AD8: =Y8+Z8 -> 0 | AE8: =AA8+AB8 -> 0 | AH8: =AG8+AF8 -> 0 | AI8: =AH8-AJ8 -> 0 | AK8: =AI8/I8 -> #DIV/0! | AL8: 600 | AM8: =AL8-AJ8 -> 600
F9: KOMASTU-350 DMC | I9: =H9-G9 -> 0 | W9: =R9+S9+T9+U9+V9 -> 0 | AD9: =Y9+Z9 -> 0 | AE9: =AA9+AB9 -> 0 | AH9: =AG9+AF9 -> 0
F10: VOLVO-300(5)
F11: VOLVO-380
F12: DOZZER D65E
F13: BD 85 DOZER
F14: KOBELCO-380 DMCS
F15: GRADER OD09P-1732
E17: OD09C-1962 | F17: OD09C-1962
E18: OD09C-1964 | F18: OD09C-1964
E19: OD09C1965 | F19: OD09C1965 | I19: =H19-G19 -> 0 | L19: =K19-J19 -> 0 | Q19: =P19+O19+N19+M19 -> 0 | W19: =R19+S19+T19+U19+V19 -> 0 | AD19: =Y19+Z19 -> 0 | AE19: =AA19+AB19 -> 0 | AH19: =AG19+AF19 -> 0 | AI19: =AH19-AJ19 -> 0 | AK19: =AI19/I19 -> #DIV/0! | AL19: 220 | AM19: =AL19-AJ19 -> 220
E20: ODO9C5136 | F20: ODO9C5136 | I20: =H20-G20 -> 0 | L20: =K20-J20 -> 0 | Q20: =P20+O20+N20+M20 -> 0 | W20: =R20+S20+T20+U20+V20 -> 0 | AD20: =Y20+Z20 -> 0 | AE20: =AA20+AB20 -> 0 | AH20: =AG20+AF20 -> 0 | AI20: =AH20-AJ20 -> 0 | AK20: =AI20/I20 -> #DIV/0! | AL20: 220 | AM20: =AL20-AJ20 -> 220
E21: OD09C5137 | F21: OD09C5137 | I21: =H21-G21 -> 0 | L21: =K21-J21 -> 0 | Q21: =P21+O21+N21+M21 -> 0 | W21: =R21+S21+T21+U21+V21 -> 0 | AD21: =Y21+Z21 -> 0 | AE21: =AA21+AB21 -> 0 | AH21: =AG21+AF21 -> 0 | AI21: =AH21-AJ21 -> 0 | AK21: =AI21/I21 -> #DIV/0! | AL21: 220 | AM21: =AL21-AJ21 -> 220
E22: OD09C4623 | F22: OD09C4623 | I22: =H22-G22 -> 0 | L22: =K22-J22 -> 0 | Q22: =P22+O22+N22+M22 -> 0 | W22: =R22+S22+T22+U22+V22 -> 0 | AD22: =Y22+Z22 -> 0 | AE22: =AA22+AB22 -> 0 | AH22: =AG22+AF22 -> 0 | AI22: =AH22-AJ22 -> 0 | AK22: =AI22/I22 -> #DIV/0! | AL22: 220 | AM22: =AL22-AJ22 -> 220
E23: OD09C4624 | F23: OD09C4625 | I23: =H23-G23 -> 0 | L23: =K23-J23 -> 0 | Q23: =P23+O23+N23+M23 -> 0 | W23: =R23+S23+T23+U23+V23 -> 0 | AD23: =Y23+Z23 -> 0 | AE23: =AA23+AB23 -> 0 | AH23: =AG23+AF23 -> 0 | AI23: =AH23-AJ23 -> 0 | AK23: =AI23/I23 -> #DIV/0! | AL23: 220 | AM23: =AL23-AJ23 -> 220
E24: OD09C4625 | F24: OD09C4823 | I24: =H24-G24 -> 0 | L24: =K24-J24 -> 0 | Q24: =P24+O24+N24+M24 -> 0 | W24: =R24+S24+T24+U24+V24 -> 0 | AD24: =Y24+Z24 -> 0 | AE24: =AA24+AB24 -> 0 | AH24: =AG24+AF24 -> 0 | AI24: =AH24-AJ24 -> 0 | AK24: =AI24/I24 -> #DIV/0! | AL24: 220 | AM24: =AL24-AJ24 -> 220
E25: OD09C4823 | F25: OD09C-4824 | I25: =H25-G25 -> 0 | L25: =K25-J25 -> 0 | Q25: =P25+O25+N25+M25 -> 0 | W25: =R25+S25+T25+U25+V25 -> 0 | AD25: =Y25+Z25 -> 0 | AE25: =AA25+AB25 -> 0 | AH25: =AG25+AF25 -> 0 | AI25: =AH25-AJ25 -> 0 | AK25: =AI25/I25 -> #DIV/0! | AL25: 220 | AM25: =AL25-AJ25 -> 220
E26: OD09C-4824 | F26: JH06H-3742 | I26: =H26-G26 -> 0 | L26: =K26-J26 -> 0 | Q26: =P26+O26+N26+M26 -> 0 | W26: =R26+S26+T26+U26+V26 -> 0 | AD26: =Y26+Z26 -> 0 | AE26: =AA26+AB26 -> 0 | AH26: =AG26+AF26 -> 0 | AI26: =AH26-AJ26 -> 0 | AK26: =AI26/I26 -> #DIV/0! | AL26: 220 | AM26: =AL26-AJ26 -> 220
E27: JH06H-3742 | F27: OD09C-4879 | I27: =H27-G27 -> 0 | L27: =K27-J27 -> 0 | Q27: =P27+O27+N27+M27 -> 0 | W27: =R27+S27+T27+U27+V27 -> 0 | AD27: =Y27+Z27 -> 0 | AE27: =AA27+AB27 -> 0 | AH27: =AG27+AF27 -> 0 | AI27: =AH27-AJ27 -> 0 | AK27: =AI27/I27 -> #DIV/0! | AL27: 220 | AM27: =AL27-AJ27 -> 220
E28: OD09C-4879 | F28: OD09C-1371 | I28: =H28-G28 -> 0 | L28: =K28-J28 -> 0 | Q28: =P28+O28+N28+M28 -> 0 | W28: =R28+S28+T28+U28+V28 -> 0 | AD28: =Y28+Z28 -> 0 | AE28: =AA28+AB28 -> 0 | AH28: =AG28+AF28 -> 0 | AI28: =AH28-AJ28 -> 0 | AK28: =AI28/I28 -> #DIV/0! | AL28: 220 | AM28: =AL28-AJ28 -> 220
E29: OD09C-8163 | F29: OD09C-4878 | I29: =H29-G29 -> 0 | L29: =K29-J29 -> 0 | Q29: =P29+O29+N29+M29 -> 0 | W29: =R29+S29+T29+U29+V29 -> 0 | AD29: =Y29+Z29 -> 0 | AE29: =AA29+AB29 -> 0 | AH29: =AG29+AF29 -> 0 | AI29: =AH29-AJ29 -> 0 | AK29: =AI29/I29 -> #DIV/0! | AL29: 240 | AM29: =AL29-AJ29 -> 240
E30: OD09A-5106 | F30: OD09C-8163 | I30: =H30-G30 -> 0 | L30: =K30-J30 -> 0 | Q30: =P30+O30+N30+M30 -> 0 | W30: =R30+S30+T30+U30+V30 -> 0 | AD30: =Y30+Z30 -> 0 | AE30: =AA30+AB30 -> 0 | AH30: =AG30+AF30 -> 0 | AK30: =AI30/I30 -> #DIV/0! | AL30: 240 | AM30: =AL30-AJ30 -> 240
E31: OD09C-8164 | F31: OD09A-5106 | I31: =H31-G31 -> 0 | L31: =K31-J31 -> 0 | Q31: =P31+O31+N31+M31 -> 0 | W31: =R31+S31+T31+U31+V31 -> 0 | AD31: =Y31+Z31 -> 0 | AE31: =AA31+AB31 -> 0 | AH31: =AG31+AF31 -> 0 | AI31: =AH31-AJ31 -> 0 | AK31: =AI31/I31 -> #DIV/0! | AL31: 240 | AM31: =AL31-AJ31 -> 240
E32: OD09C-3710 | F32: OD09C-8164 | I32: =H32-G32 -> 0 | L32: =K32-J32 -> 0 | Q32: =P32+O32+N32+M32 -> 0 | W32: =R32+S32+T32+U32+V32 -> 0 | AD32: =Y32+Z32 -> 0 | AE32: =AA32+AB32 -> 0 | AH32: =AG32+AF32 -> 0 | AI32: =AH32-AJ32 -> 0 | AK32: =AI32/I32 -> #DIV/0! | AL32: 240 | AM32: =AL32-AJ32 -> 240
E33: OD09A-5666 | F33: OD09C-1373 | I33: =H33-G33 -> 0 | L33: =K33-J33 -> 0 | Q33: =P33+O33+N33+M33 -> 0 | W33: =R33+S33+T33+U33+V33 -> 0 | AD33: =Y33+Z33 -> 0 | AE33: =AA33+AB33 -> 0 | AH33: =AG33+AF33 -> 0 | AI33: =AH33-AJ33 -> 0 | AK33: =AI33/I33 -> #DIV/0! | AL33: 240 | AM33: =AL33-AJ33 -> 240
E34: OD09A-6059 | F34: OD09A-5666 | I34: =H34-G34 -> 0 | L34: =K34-J34 -> 0 | Q34: =P34+O34+N34+M34 -> 0 | W34: =R34+S34+T34+U34+V34 -> 0 | AD34: =Y34+Z34 -> 0 | AE34: =AA34+AB34 -> 0 | AH34: =AG34+AF34 -> 0 | AI34: =AH34-AJ34 -> 0 | AK34: =AI34/I34 -> #DIV/0! | AL34: 240 | AM34: =AL34-AJ34 -> 240
E35: JH06H-9654 | F35: OD09A-6059 | I35: =H35-G35 -> 0 | L35: =K35-J35 -> 0 | Q35: =P35+O35+N35+M35 -> 0 | W35: =R35+S35+T35+U35+V35 -> 0 | AD35: =Y35+Z35 -> 0 | AE35: =AA35+AB35 -> 0 | AH35: =AG35+AF35 -> 0 | AI35: =AH35-AJ35 -> 0 | AK35: =AI35/I35 -> #DIV/0! | AL35: 240 | AM35: =AL35-AJ35 -> 240
E36: OD09A-5105 | F36: JH06H-9654 | I36: =H36-G36 -> 0 | L36: =K36-J36 -> 0 | Q36: =P36+O36+N36+M36 -> 0 | W36: =R36+S36+T36+U36+V36 -> 0 | AD36: =Y36+Z36 -> 0 | AE36: =AA36+AB36 -> 0 | AH36: =AG36+AF36 -> 0 | AI36: =AH36-AJ36 -> 0 | AK36: =AI36/I36 -> #DIV/0! | AL36: 240 | AM36: =AL36-AJ36 -> 240
E37: JH06G-4703 | F37: OD09A-5105 | I37: =H37-G37 -> 0 | L37: =K37-J37 -> 0 | Q37: =P37+O37+N37+M37 -> 0 | W37: =R37+S37+T37+U37+V37 -> 0 | AD37: =Y37+Z37 -> 0 | AE37: =AA37+AB37 -> 0 | AH37: =AG37+AF37 -> 0 | AI37: =AH37-AJ37 -> 0 | AK37: =AI37/I37 -> #DIV/0! | AL37: 240 | AM37: =AL37-AJ37 -> 240
E38: JH06H-5348 | F38: JH06G-4703 | I38: =H38-G38 -> 0 | L38: =K38-J38 -> 0 | Q38: =P38+O38+N38+M38 -> 0 | W38: =R38+S38+T38+U38+V38 -> 0 | AD38: =Y38+Z38 -> 0 | AE38: =AA38+AB38 -> 0 | AH38: =AG38+AF38 -> 0 | AI38: =AH38-AJ38 -> 0 | AK38: =AI38/I38 -> #DIV/0! | AL38: 240 | AM38: =AL38-AJ38 -> 240
E39: JH06G-5437 | F39: JH06H-5348 | I39: =H39-G39 -> 0 | L39: =K39-J39 -> 0 | Q39: =P39+O39+N39+M39 -> 0 | W39: =R39+S39+T39+U39+V39 -> 0 | AD39: =Y39+Z39 -> 0 | AE39: =AA39+AB39 -> 0 | AH39: =AG39+AF39 -> 0 | AI39: =AH39-AJ39 -> 0 | AK39: =AI39/I39 -> #DIV/0! | AL39: 260 | AM39: =AL39-AJ39 -> 260
E40: OD09Z-1273 | F40: OD09K-5036 | I40: =H40-G40 -> 0 | L40: =K40-J40 -> 0 | Q40: =P40+O40+N40+M40 -> 0 | W40: =R40+S40+T40+U40+V40 -> 0 | AD40: =Y40+Z40 -> 0 | AE40: =AA40+AB40 -> 0 | AH40: =AG40+AF40 -> 0 | AI40: =AH40-AJ40 -> 0 | AK40: =AI40/I40 -> #DIV/0! | AL40: 260 | AM40: =AL40-AJ40 -> 260
E41: OD09Z-1274 | F41: OD09K-1394 | I41: =H41-G41 -> 0 | L41: =K41-J41 -> 0 | Q41: =P41+O41+N41+M41 -> 0 | W41: =R41+S41+T41+U41+V41 -> 0 | AD41: =Y41+Z41 -> 0 | AE41: =AA41+AB41 -> 0 | AH41: =AG41+AF41 -> 0 | AI41: =AH41-AJ41 -> 0 | AK41: =AI41/I41 -> #DIV/0! | AL41: 240 | AM41: =AL41-AJ41 -> 240
E42: OD09Z-1202 | F42: JH06T-7706 | I42: =H42-G42 -> 0 | L42: =K42-J42 -> 0 | Q42: =P42+O42+N42+M42 -> 0 | W42: =R42+S42+T42+U42+V42 -> 0 | AD42: =Y42+Z42 -> 0 | AE42: =AA42+AB42 -> 0 | AH42: =AG42+AF42 -> 0 | AI42: =AH42-AJ42 -> 0 | AK42: =AI42/I42 -> #DIV/0! | AL42: 300 | AM42: =AL42-AJ42 -> 300
... E44: JH06H-7764 | F44: OD09AE-5513 DMC | I44: =H44-G44 -> 0 | L44: =K44-J44 -> 0 | Q44: =P44+O44+N44+M44 -> 0 | W44: =R44+S44+T44+U44+V44 -> 0 | AD44: =Y44+Z44 -> 0 | AE44: =AA44+AB44 -> 0 | AH44: =AG44+AF44 -> 0 | AI44: =AH44-AJ44 -> 0 | AK44: =AI44/I44 -> #DIV/0! | AL44: 300 | AM44: =AL44-AJ44 -> 300
F45: OD09Z-5713 DMC | I45: =H45-G45 -> 0 | L45: =K45-J45 -> 0 | Q45: =P45+O45+N45+M45 -> 0 | W45: =R45+S45+T45+U45+V45 -> 0 | AD45: =Y45+Z45 -> 0 | AE45: =AA45+AB45 -> 0 | AH45: =AG45+AF45 -> 0
F46: OD09Z-5813 DMC | I46: =H46-G46 -> 0 | L46: =K46-J46 -> 0 | Q46: =P46+O46+N46+M46 -> 0 | W46: =R46+S46+T46+U46+V46 -> 0 | AD46: =Y46+Z46 -> 0 | AE46: =AA46+AB46 -> 0 | AH46: =AG46+AF46 -> 0 | AI46: =AH46-AJ46 -> 0 | AK46: =AI46/I46 -> #DIV/0! | AM46: =AL46-AJ46 -> 0
F47: OD07AR-4113 DMC
F48: OD09Z-5913 DMC
F49: OD09Z-5613 DMC
F50: JH06G-5437
F51: OD09Z-1273
F52: OD09Z-1274
F53: OD09Z-1202
F57: OD09P-6973 W.TANKER
F58: OD09K-2512 W.TANKER
F60: DILLING DETALIS
F61: DRILL-ELGI-650
F62: JRD-600+CD-360
... F66: CRUSHER(FEEDER)
F67: CRUSHER ( JAW ) | I67: =H67-G67 -> 0 | Q67: =P67+O67+N67+M67 -> 0 | W67: =R67+S67+T67+U67+V67 -> 0 | AD67: =Y67+Z67 -> 0 | AE67: =AA67+AB67 -> 0 | AH67: =AG67+AF67 -> 0 | AI67: =AH67-AJ67 -> 0 | AK67: =AI67/I67 -> #DIV/0!
F68: CRUSHER ( CONE ) | I68: =H68-G68 -> 0 | Q68: =P68+O68+N68+M68 -> 0 | W68: =R68+S68+T68+U68+V68 -> 0 | AD68: =Y68+Z68 -> 0 | AE68: =AA68+AB68 -> 0 | AH68: =AG68+AF68 -> 0 | AI68: =AH68-AJ68 -> 0 | AK68: =AI68/I68 -> #DIV/0!
F69: CRUSHER DG | I69: =H69-G69 -> 0 | Q69: =P69+O69+N69+M69 -> 0 | W69: =R69+S69+T69+U69+V69 -> 0 | AD69: =Y69+Z69 -> 0 | AE69: =AA69+AB69 -> 0 | AH69: =AG69+AF69 -> 0 | AI69: =AH69-AJ69 -> 0 | AK69: =AI69/I69 -> #DIV/0!
F70: KAMASTU-210 | I70: =H70-G70 -> 0 | Q70: =P70+O70+N70+M70 -> 0 | W70: =R70+S70+T70+U70+V70 -> 0 | AD70: =Y70+Z70 -> 0 | AE70: =AA70+AB70 -> 0 | AH70: =AG70+AF70 -> 0 | AI70: =AH70-AJ70 -> 0 | AK70: =AI70/I70 -> #DIV/0!
F71: JCB-8262 LOADER
F72: OD09C-5609 JCB
F73: TATA LOADER-OD02AY-0516 | G73: 0 | I73: =H73-G73 -> 0 | Q73: =P73+O73+N73+M73 -> 0 | W73: =R73+S73+T73+U73+V73 -> 0 | AD73: =Y73+Z73 -> 0 | AE73: =AA73+AB73 -> 0 | AH73: =AG73+AF73 -> 0 | AI73: =AH73-AJ73 -> 0 | AK73: =AI73/I73 -> #DIV/0! | AL73: 300 | AM73: =AL73-AJ73 -> 300
F74: POWER SCREEN DETAILS | I74: =H74-G74 -> 0 | Q74: =P74+O74+N74+M74 -> 0 | W74: =R74+S74+T74+U74+V74 -> 0 | AD74: =Y74+Z74 -> 0 | AE74: =AA74+AB74 -> 0 | AH74: =AG74+AF74 -> 0 | AI74: =AH74-AJ74 -> 0 | AK74: =AI74/I74 -> #DIV/0! | AL74: 1000 | AM74: =AL74-AJ74 -> 1000
F75: POWER SCREEN RHS | I75: =H75-G75 -> 0 | Q75: =P75+O75+N75+M75 -> 0 | W75: =R75+S75+T75+U75+V75 -> 0 | AD75: =Y75+Z75 -> 0 | AE75: =AA75+AB75 -> 0 | AH75: =AG75+AF75 -> 0 | AI75: =AH75-AJ75 -> 0 | AK75: =AI75/I75 -> #DIV/0! | AL75: 300 | AM75: =AL75-AJ75 -> 300
F76: HITACHI-120
F77: L-6268 SDLG
F78: VICHELE NO. | G78: 0
F79: LOKO TRACK JAW
F80: LOKO CONE | I80: =H80-G80 -> 0 | W80: =R80+S80+T80+U80+V80 -> 0 | AH80: =AG80+AF80 -> 0
F81: KOMASTU-200 | I81: =H81-G81 -> 0 | W81: =R81+S81+T81+U81+V81 -> 0 | AH81: =AG81+AF81 -> 0 | AI81: =AH81-AJ81 -> 0 | AK81: =AI81/I81 -> #DIV/0! | AL81: 300 | AM81: =AL81-AJ81 -> 300
F82: 0
F83: 0
F84: 0
F85: OD09P-2986 (CAMPAR) | I85: =H85-G85 -> 0 | W85: =R85+S85+T85+U85+V85 -> 0 | AH85: =AG85+AF85 -> 0 | AI85: =AH85-AJ85 -> 0 | AK85: =AI85/I85 -> #DIV/0! | AL85: 300 | AM85: =AL85-AJ85 -> 300
F86: JH06P-6214 SCORPIO | I86: =H86-G86 -> 0 | Q86: =P86+O86+N86+M86 -> 0 | W86: =R86+S86+T86+U86+V86 -> 0 | AH86: =AG86+AF86 -> 0 | AI86: =AH86-AJ86 -> 0 | AM86: =AL86-AJ86 -> 0 | AN86: Per KM Consumption
F87: OD09K-7213 BSM BUS | I87: =H87-G87 -> 0 | Q87: =P87+O87+N87+M87 -> 0 | W87: =R87+S87+T87+U87+V87 -> 0 | AH87: =AG87+AF87 -> 0 | AI87: =AH87-AJ87 -> 0 | AL87: 55 | AM87: =AL87-AJ87 -> 55
F88: OD09G-6065 CAMPER | I88: =H88-G88 -> 0 | Q88: =P88+O88+N88+M88 -> 0 | W88: =R88+S88+T88+U88+V88 -> 0 | AH88: =AG88+AF88 -> 0 | AI88: =AH88-AJ88 -> 0 | AL88: 60 | AM88: =AL88-AJ88 -> 60 | AN88: =AI88/L88 -> #DIV/0!
F89: OD09V-5619 TATA YODHA | I89: =H89-G89 -> 0 | Q89: =P89+O89+N89+M89 -> 0 | W89: =R89+S89+T89+U89+V89 -> 0 | AH89: =AG89+AF89 -> 0 | AI89: =AH89-AJ89 -> 0 | AK89: =AI89/I89 -> #DIV/0! | AL89: 60 | AM89: =AL89-AJ89 -> 60 | AN89: =AI89/L89 -> #DIV/0!
F90: WATER PUMP | AH90: =AG90+AF90 -> 0 | AI90: =AH90-AJ90 -> 0
F91: JH06H-6198 D.TANKER | AH91: =AG91+AF91 -> 0 | AI91: =AH91-AJ91 -> 0
F92: OMC DG (NIGHT USE) | AH92: =AG92+AF92 -> 0 | AI92: =AH92-AJ92 -> 0
F93: HYDRA CRANE-1686 | AH93: =AG93+AF93 -> 0 | AI93: =AH93-AJ93 -> 0
AH94: =AG94+AF94 -> 0 | AI94: =AH94-AJ94 -> 0
AH95: =AG95+AF95 -> 0 | AI95: =AH95-AJ95 -> 0
AH104: =AG104+AF104 -> 0 | AI104: =AH104-AJ104 -> 0
F105: TOTAL | I105: =SUM(I19:I104) -> 0 | L105: =SUM(L19:L104) -> 0 | M105: =SUM(M19:M46) -> 0 | N105: =SUM(N19:N46) -> 0 | O105: =SUM(O19:O46) -> 0 | P105: =SUM(P19:P46) -> 0 | Q105: =SUM(Q19:Q46) -> 0 | R105: =SUM(R19:R46) -> 0 | S105: =SUM(S19:S46) -> 0 | T105: =SUM(T19:T46) -> 0 | ... AE105: =SUM(AE19:AE46) -> 0 | AF105: =SUM(AF5:AF104) -> 0 | AG105: =SUM(AG5:AG104) -> 0 | AH105: =SUM(AH5:AH104) -> 0 | AI105: =SUM(AI5:AI104) -> 0 | AJ105: =SUM(AJ5:AJ104) -> 0 | AK105: =SUM(AK5:AK104) -> #DIV/0! | AL105: =SUM(AL5:AL104) -> 10615 | AM105: =SUM(AM5:AM104) -> 10615

Sheet 01
A1: ='ENTRY SHEET'!G1 -> DAILY REPORT OF APRIL-2026
R2: DATE | S2: 46113
B3: HOUR METER | R3: KILO METER | U3: MINES TRIPS | Z3: REHANDLING C.PLANT | AH3: SIFTING TRIP | AN3: H.S.D REPORT | AV3: REMARKS | AW3: HSD Consumption Details
A4: VICHELE NO. | B4: OMR | C4: CMR | D4: TOTAL HOURS | E4: PLAN HRS | F4: Breakfast & Lunch hrs | G4: MINES RHS | H4: REHANDLING HRS | I4: SHIFTING HRS | J4: CRUSHER HRS | K4: SCREEN PLANT | L4: LOKO TRACK | M4: BREAKING HRS | N4: BREAKDOWN HRS | O4: Marching HRS | P4: Mining Development hrs | Q4: TOTAL HRS | R4: OMR | S4: CMR | T4: TOTAL KM | U4: ROM TRIPS | V4: OB TRIPS | W4: S.ORE | X4: BD | Y4: TOTAL TRIPS | Z4: ROM TRIP | AA4: 10\40 TRIP | AB4: FINES TRIP | AC4: LR TRIP | AD4: SUBGRADE TO CRUSHER | AE4: SCREEN TO CRUSHER | AF4: OB TRIPS | AG4: REHANDLING TRIP | AH4: 10\40 TRIP | AI4: FINES TRIP | AJ4: 10\40 MT | AK4: FINES MT | AL4: TOTAL SIFTING TRIP | AM4: TOTAL SIFTING TONES | AN4: OPENING BALANCE | AO4: ISSUE H.S.D | AP4: TOTAL H.S.D | AQ4: Diesel Consumption | AR4: CLOSING BALANCE | AS4: PER HRS CONS. | AT4: Tank capacity | AU4: Tanking Full Required | AW4: SHIFTING | AX4: Rehandling | AY4: NW | AZ4: LOKA | BA4: BHP | BB4: MINES | BC4: POWER
A5: ='ENTRY SHEET'!F5 -> VOLVO 300-2 | B5: =_xlfn.XLOOKUP(A5,'[1]31'!$A:$A,'[1]31'!$C:$C) -> 21964.1 | C5: 21964.1 | D5: =C5-B5 -> 0 | E5: 12 | G5: =D5-H5-I5-J5-K5-L5-M5-N5-O5-P5 -> 0 | Q5: =F5+G5+H5+I5+J5+K5+L5+M5+N5+O5+P5 -> 0 | Y5: =X5+W5+V5+U5 -> 0 | AG5: =Z5+AA5+AB5+AC5+AD5+AE5+AF5 -> 0 | AL5: =AH5+AI5 -> 0 | AM5: =AJ5+AK5 -> 0 | AN5: =_xlfn.XLOOKUP(A5,'[1]31'!$A:$A,'[1]31'!$AR:$AR) -> 350 | AP5: =AO5+AN5 -> 350 | AQ5: =AP5-AR5 -> 0 | AR5: 350 | AS5: =SUM(AQ5/D5,0) -> #DIV/0! | AT5: 470 | AU5: =AT5-AR5 -> 120 | AW5: =ROUNDUP(I5*AS5,0) -> #DIV/0! | AX5: =ROUNDUP(H5*AS5,0) -> #DIV/0! | AY5: =ROUNDUP(J5*AS5,0) -> #DIV/0! | BB5: =AQ5-AW5-AX5-AY5 -> #DIV/0!
A6: ='ENTRY SHEET'!F6 -> VOLVO-300-7 | B6: =_xlfn.XLOOKUP(A6,'[1]31'!$A:$A,'[1]31'!$C:$C) -> 17645.4 | C6: 17654.6 | D6: =C6-B6 -> 9.2 | E6: 12 | G6: =D6-H6-I6-J6-K6-L6-M6-N6-O6-P6 -> 9.2 | Q6: =F6+G6+H6+I6+J6+K6+L6+M6+N6+O6+P6 -> 9.2 | U6: 31 | V6: 88 | Y6: =X6+W6+V6+U6 -> 119 | AG6: =Z6+AA6+AB6+AC6+AD6+AE6+AF6 -> 0 | AL6: =AH6+AI6 -> 0 | AM6: =AJ6+AK6 -> 0 | AN6: =_xlfn.XLOOKUP(A6,'[1]31'!$A:$A,'[1]31'!$AR:$AR) -> 228 | AO6: 387 | AP6: =AO6+AN6 -> 615 | AQ6: =AP6-AR6 -> 480 | AR6: 135 | AS6: =SUM(AQ6/D6,0) -> 52.173913 | AT6: 470 | AU6: =AT6-AR6 -> 335 | AW6: =ROUNDUP(I6*AS6,0) -> 0 | AX6: =ROUNDUP(H6*AS6,0) -> 0 | AY6: =ROUNDUP(J6*AS6,0) -> 0 | BB6: =AQ6-AW6-AX6-AY6 -> 480
A7: ='ENTRY SHEET'!F7 -> HITACHI-350 | B7: =_xlfn.XLOOKUP(A7,'[1]31'!$A:$A,'[1]31'!$C:$C) -> 15783.5 | C7: 15791.9 | D7: =C7-B7 -> 8.4 | E7: 12 | G7: =D7-H7-I7-J7-K7-L7-M7-N7-O7-P7 -> 4 | H7: 4.4 | Q7: =F7+G7+H7+I7+J7+K7+L7+M7+N7+O7+P7 -> 8.4 | V7: 41 | Y7: =X7+W7+V7+U7 -> 41 | AD7: 29 | AG7: =Z7+AA7+AB7+AC7+AD7+AE7+AF7 -> 29 | AL7: =AH7+AI7 -> 0 | AM7: =AJ7+AK7 -> 0 | AN7: =_xlfn.XLOOKUP(A7,'[1]31'!$A:$A,'[1]31'!$AR:$AR) -> 329 | AO7: 295 | AP7: =AO7+AN7 -> 624 | AQ7: =AP7-AR7 -> 252 | AR7: 372 | AS7: =SUM(AQ7/D7,0) -> 30 | AT7: 630 | AU7: =AT7-AR7 -> 258 | AW7: =ROUNDUP(I7*AS7,0) -> 0 | AX7: =ROUNDUP(H7*AS7,0) -> 133 | AY7: =ROUNDUP(J7*AS7,0) -> 0 | BB7: =AQ7-AW7-AX7-AY7 -> 119
A8: ='ENTRY SHEET'!F8 -> VOLVO-480 | B8: =_xlfn.XLOOKUP(A8,'[1]31'!$A:$A,'[1]31'!$C:$C) -> 0 | D8: =C8-B8 -> 0 | E8: 12 | G8: =D8-H8-I8-J8-K8-L8-M8-N8-O8-P8 -> 0 | Q8: =F8+G8+H8+I8+J8+K8+L8+M8+N8+O8+P8 -> 0 | Y8: =X8+W8+V8+U8 -> 0 | AG8: =Z8+AA8+AB8+AC8+AD8+AE8+AF8 -> 0 | AL8: =AH8+AI8 -> 0 | AM8: =AJ8+AK8 -> 0 | AN8: =_xlfn.XLOOKUP(A8,'[1]31'!$A:$A,'[1]31'!$AR:$AR) -> 240 | AP8: =AO8+AN8 -> 240 | AQ8: =AP8-AR8 -> 0 | AR8: 240 | AS8: =SUM(AQ8/D8,0) -> #DIV/0! | AT8: 650 | AU8: =AT8-AR8 -> 410 | AW8: =ROUNDUP(I8*AS8,0) -> #DIV/0! | AX8: =ROUNDUP(H8*AS8,0) -> #DIV/0! | AY8: =ROUNDUP(J8*AS8,0) -> #DIV/0! | BB8: =AQ8-AW8-AX8-AY8 -> #DIV/0!
A9: ='ENTRY SHEET'!F9 -> KOMASTU-350 DMC | B9: =_xlfn.XLOOKUP(A9,'[1]31'!$A:$A,'[1]31'!$C:$C) -> 12573.9 | C9: 12582.8 | D9: =C9-B9 -> 8.9 | E9: 12 | G9: =D9-H9-I9-J9-K9-L9-M9-N9-O9-P9 -> 8.9 | Q9: =F9+G9+H9+I9+J9+K9+L9+M9+N9+O9+P9 -> 8.9 | V9: 65 | Y9: =X9+W9+V9+U9 -> 65 | AG9: =Z9+AA9+AB9+AC9+AD9+AE9+AF9 -> 0 | AL9: =AH9+AI9 -> 0 | AM9: =AJ9+AK9 -> 0 | AN9: =_xlfn.XLOOKUP(A9,'[1]31'!$A:$A,'[1]31'!$AR:$AR) -> 0 | AP9: =AO9+AN9 -> 0 | AQ9: =AP9-AR9 -> 0 | AS9: =SUM(AQ9/D9,0) -> 0 | AT9: 0 | AU9: =AT9-AR9 -> 0 | AW9: =ROUNDUP(I9*AS9,0) -> 0 | AX9: =ROUNDUP(H9*AS9,0) -> 0 | AY9: =ROUNDUP(J9*AS9,0) -> 0 | BB9: =AQ9-AW9-AX9-AY9 -> 0
A10: ='ENTRY SHEET'!F10 -> VOLVO-300(5) | B10: 0 | D10: =C10-B10 -> 0 | E10: 12 | G10: =D10-H10-I10-J10-K10-L10-M10-N10-O10-P10 -> 0 | Q10: =F10+G10+H10+I10+J10+K10+L10+M10+N10+O10+P10 -> 0 | Y10: =X10+W10+V10+U10 -> 0 | AG10: =Z10+AA10+AB10+AC10+AD10+AE10+AF10 -> 0 | AL10: =AH10+AI10 -> 0 | AM10: =AJ10+AK10 -> 0 | AN10: 0 | AP10: =AO10+AN10 -> 0 | AQ10: =AP10-AR10 -> 0 | AT10: 0 | AW10: =ROUNDUP(I10*AS10,0) -> 0 | AX10: =ROUNDUP(H10*AS10,0) -> 0 | AY10: =ROUNDUP(J10*AS10,0) -> 0 | BB10: =AQ10-AW10-AX10-AY10 -> 0
A11: ='ENTRY SHEET'!F11 -> VOLVO-380 | B11: 0 | D11: =C11-B11 -> 0 | E11: 12 | G11: =D11-H11-I11-J11-K11-L11-M11-N11-O11-P11 -> 0 | Q11: =F11+G11+H11+I11+J11+K11+L11+M11+N11+O11+P11 -> 0 | Y11: =X11+W11+V11+U11 -> 0 | AG11: =Z11+AA11+AB11+AC11+AD11+AE11+AF11 -> 0 | AL11: =AH11+AI11 -> 0 | AM11: =AJ11+AK11 -> 0 | AN11: 0 | AP11: =AO11+AN11 -> 0 | AQ11: =AP11-AR11 -> 0 | AT11: 0 | AW11: =ROUNDUP(I11*AS11,0) -> 0 | AX11: =ROUNDUP(H11*AS11,0) -> 0 | AY11: =ROUNDUP(J11*AS11,0) -> 0 | BB11: =AQ11-AW11-AX11-AY11 -> 0
A12: ='ENTRY SHEET'!F12 -> DOZZER D65E | B12: =_xlfn.XLOOKUP(A12,'[1]31'!$A:$A,'[1]31'!$C:$C) -> 2213.8 | C12: 2222.5 | D12: =C12-B12 -> 8.7 | E12: 12 | G12: =D12-H12-I12-J12-K12-L12-M12-N12-O12-P12 -> 8.7 | Q12: =F12+G12+H12+I12+J12+K12+L12+M12+N12+O12+P12 -> 8.7 | Y12: =X12+W12+V12+U12 -> 0 | AG12: =Z12+AA12+AB12+AC12+AD12+AE12+AF12 -> 0 | AL12: =AH12+AI12 -> 0 | AM12: =AJ12+AK12 -> 0 | AN12: =_xlfn.XLOOKUP(A12,'[1]31'!$A:$A,'[1]31'!$AR:$AR) -> 325 | AP12: =AO12+AN12 -> 325 | AQ12: =AP12-AR12 -> 125 | AR12: 200 | AS12: =SUM(AQ12/D12,0) -> 14.367816 | AT12: 350 | AU12: =AT12-AR12 -> 150 | AW12: =ROUNDUP(I12*AS12,0) -> 0 | AX12: =ROUNDUP(H12*AS12,0) -> 0 | AY12: =ROUNDUP(J12*AS12,0) -> 0 | BB12: =AQ12-AW12-AX12-AY12 -> 125
A13: ='ENTRY SHEET'!F13 -> BD 85 DOZER | B13: =_xlfn.XLOOKUP(A13,'[1]31'!$A:$A,'[1]31'!$C:$C) -> 221.7 | C13: 228.3 | D13: =C13-B13 -> 6.6 | E13: 12 | G13: =D13-H13-I13-J13-K13-L13-M13-N13-O13-P13 -> 6.6 | Q13: =F13+G13+H13+I13+J13+K13+L13+M13+N13+O13+P13 -> 6.6 | Y13: =X13+W13+V13+U13 -> 0 | AG13: =Z13+AA13+AB13+AC13+AD13+AE13+AF13 -> 0 | AL13: =AH13+AI13 -> 0 | AM13: =AJ13+AK13 -> 0 | AN13: =_xlfn.XLOOKUP(A13,'[1]31'!$A:$A,'[1]31'!$AR:$AR) -> 85 | AO13: 200 | AP13: =AO13+AN13 -> 285 | AQ13: =AP13-AR13 -> 100 | AR13: 185 | AS13: =SUM(AQ13/D13,0) -> 15.151515 | AT13: 350 | AU13: =AT13-AR13 -> 165 | AW13: =ROUNDUP(I13*AS13,0) -> 0 | AX13: =ROUNDUP(H13*AS13,0) -> 0 | AY13: =ROUNDUP(J13*AS13,0) -> 0 | BB13: =AQ13-AW13-AX13-AY13 -> 100
A14: ='ENTRY SHEET'!F14 -> KOBELCO-380 DMCS | B14: 0 | D14: =C14-B14 -> 0 | E14: 12 | G14: =D14-H14-I14-J14-K14-L14-M14-N14-O14-P14 -> 0 | Q14: =F14+G14+H14+I14+J14+K14+L14+M14+N14+O14+P14 -> 0 | Y14: =X14+W14+V14+U14 -> 0 | AG14: =Z14+AA14+AB14+AC14+AD14+AE14+AF14 -> 0 | AL14: =AH14+AI14 -> 0 | AM14: =AJ14+AK14 -> 0 | AN14: 0 | AP14: =AO14+AN14 -> 0 | AQ14: =AP14-AR14 -> 0 | AS14: =SUM(AQ14/D14,0) -> #DIV/0! | AT14: 350 | AU14: =AT14-AR14 -> 350 | AW14: =ROUNDUP(I14*AS14,0) -> #DIV/0! | AX14: =ROUNDUP(H14*AS14,0) -> #DIV/0! | AY14: =ROUNDUP(J14*AS14,0) -> #DIV/0! | BB14: =AQ14-AW14-AX14-AY14 -> #DIV/0!
A15: ='ENTRY SHEET'!F15 -> GRADER OD09P-1732 | B15: =_xlfn.XLOOKUP(A15,'[1]31'!$A:$A,'[1]31'!$C:$C) -> 4551.5 | C15: 4551.5 | D15: =C15-B15 -> 0 | E15: 12 | G15: =D15-H15-I15-J15-K15-L15-M15-N15-O15-P15 -> 0 | Q15: =F15+G15+H15+I15+J15+K15+L15+M15+N15+O15+P15 -> 0 | Y15: =X15+W15+V15+U15 -> 0 | AG15: =Z15+AA15+AB15+AC15+AD15+AE15+AF15 -> 0 | AL15: =AH15+AI15 -> 0 | AM15: =AJ15+AK15 -> 0 | AN15: =_xlfn.XLOOKUP(A15,'[1]31'!$A:$A,'[1]31'!$AR:$AR) -> 70 | AP15: =AO15+AN15 -> 70 | AQ15: =AP15-AR15 -> 0 | AR15: 70 | AS15: =SUM(AQ15/D15,0) -> #DIV/0! | AT15: 350 | AU15: =AT15-AR15 -> 280 | AW15: =ROUNDUP(I15*AS15,0) -> #DIV/0! | AX15: =ROUNDUP(H15*AS15,0) -> #DIV/0! | AY15: =ROUNDUP(J15*AS15,0) -> #DIV/0! | BB15: =AQ15-AW15-AX15-AY15 -> #DIV/0!
A16: ='ENTRY SHEET'!F16 -> 0 | B16: =_xlfn.XLOOKUP(A16,'[1]31'!$A:$A,'[1]31'!$C:$C) -> 0 | D16: =C16-B16 -> 0 | E16: 12 | Q16: =F16+G16+H16+I16+J16+K16+L16+M16+N16+O16+P16 -> 0 | Y16: =X16+W16+V16+U16 -> 0 | AG16: =Z16+AA16+AB16+AC16+AD16+AE16+AF16 -> 0 | AL16: =AH16+AI16 -> 0 | AM16: =AJ16+AK16 -> 0 | AN16: =_xlfn.XLOOKUP(A16,'[1]31'!$A:$A,'[1]31'!$AR:$AR) -> 0 | AP16: =AO16+AN16 -> 0 | AQ16: =AP16-AR16 -> 0 | AS16: =SUM(AQ16/D16,0) -> #DIV/0! | AT16: 0 | AU16: =AT16-AR16 -> 0 | AW16: =ROUNDUP(I16*AS16,0) -> #DIV/0! | AX16: =ROUNDUP(H16*AS16,0) -> #DIV/0! | AY16: =ROUNDUP(J16*AS16,0) -> #DIV/0! | BB16: =AQ16-AW16-AX16-AY16 -> #DIV/0!
A17: ='ENTRY SHEET'!F17 -> OD09C-1962 | B17: =_xlfn.XLOOKUP(A17,'[1]31'!$A:$A,'[1]31'!$C:$C) -> 20692.6 | C17: 20692.6 | D17: =C17-B17 -> 0 | E17: 12 | G17: =D17-H17-I17 -> 0 | Q17: =F17+G17+H17+I17+J17+K17+L17+M17+N17+O17+P17 -> 0 | R17: =_xlfn.XLOOKUP(A17,'[1]31'!$A:$A,'[1]31'!$S:$S) -> 156139.3 | S17: 156139.3 | T17: =S17-R17 -> 0 | Y17: =X17+W17+V17+U17 -> 0 | AG17: =Z17+AA17+AB17+AC17+AD17+AE17+AF17 -> 0 | AL17: =AH17+AI17 -> 0 | AM17: =AJ17+AK17 -> 0 | AN17: =_xlfn.XLOOKUP(A17,'[1]31'!$A:$A,'[1]31'!$AR:$AR) -> 115 | AP17: =AO17+AN17 -> 115 | AQ17: =AP17-AR17 -> 0 | AR17: 115 | AS17: =SUM(AQ17/D17,0) -> #DIV/0! | AT17: 250 | AU17: =AT17-AR17 -> 135 | AW17: =ROUNDUP(I17*AS17,0) -> #DIV/0! | AX17: =ROUNDUP(H17*AS17,0) -> #DIV/0! | AY17: =ROUNDUP(J17*AS17,0) -> #DIV/0! | BB17: =AQ17-AW17-AX17-AY17 -> #DIV/0!
A18: ='ENTRY SHEET'!F18 -> OD09C-1964 | B18: =_xlfn.XLOOKUP(A18,'[1]31'!$A:$A,'[1]31'!$C:$C) -> 14385.27 | C18: 14393 | D18: =C18-B18 -> 7.73 | E18: 12 | G18: =D18-H18-I18 -> 7.73 | Q18: =F18+G18+H18+I18+J18+K18+L18+M18+N18+O18+P18 -> 7.73 | R18: =_xlfn.XLOOKUP(A18,'[1]31'!$A:$A,'[1]31'!$S:$S) -> 152450.2 | S18: 152484 | T18: =S18-R18 -> 33.8 | U18: 3 | V18: 10 | Y18: =X18+W18+V18+U18 -> 13 | AG18: =Z18+AA18+AB18+AC18+AD18+AE18+AF18 -> 0 | AL18: =AH18+AI18 -> 0 | AM18: =AJ18+AK18 -> 0 | AN18: =_xlfn.XLOOKUP(A18,'[1]31'!$A:$A,'[1]31'!$AR:$AR) -> 90 | AO18: 100 | AP18: =AO18+AN18 -> 190 | AQ18: =AP18-AR18 -> 50 | AR18: 140 | AS18: =SUM(AQ18/D18,0) -> 6.4683053 | AT18: 250 | AU18: =AT18-AR18 -> 110 | AW18: =ROUNDUP(I18*AS18,0) -> 0 | AX18: =ROUNDUP(H18*AS18,0) -> 0 | AY18: =ROUNDUP(J18*AS18,0) -> 0 | BB18: =AQ18-AW18-AX18-AY18 -> 50
A19: ='ENTRY SHEET'!F19 -> OD09C1965 | B19: =_xlfn.XLOOKUP(A19,'[1]31'!$A:$A,'[1]31'!$C:$C) -> 16565.8 | C19: 16565.8 | D19: =C19-B19 -> 0 | E19: 12 | G19: =D19-H19-I19 -> 0 | Q19: =F19+G19+H19+I19+J19+K19+L19+M19+N19+O19+P19 -> 0 | R19: =_xlfn.XLOOKUP(A19,'[1]31'!$A:$A,'[1]31'!$S:$S) -> 166053.3 | S19: 166053.3 | T19: =S19-R19 -> 0 | Y19: =X19+W19+V19+U19 -> 0 | AG19: =Z19+AA19+AB19+AC19+AD19+AE19+AF19 -> 0 | AL19: =AH19+AI19 -> 0 | AM19: =AJ19+AK19 -> 0 | AN19: =_xlfn.XLOOKUP(A19,'[1]31'!$A:$A,'[1]31'!$AR:$AR) -> 0 | AP19: =AO19+AN19 -> 0 | AQ19: =AP19-AR19 -> 0 | AS19: =SUM(AQ19/D19,0) -> #DIV/0! | AT19: 250 | AU19: =AT19-AR19 -> 250 | AW19: =ROUNDUP(I19*AS19,0) -> #DIV/0! | AX19: =ROUNDUP(H19*AS19,0) -> #DIV/0! | AY19: =ROUNDUP(J19*AS19,0) -> #DIV/0! | BB19: =AQ19-AW19-AX19-AY19 -> #DIV/0!
A20: ='ENTRY SHEET'!F20 -> ODO9C5136 | B20: =_xlfn.XLOOKUP(A20,'[1]31'!$A:$A,'[1]31'!$C:$C) -> 17052.5 | C20: 17052.5 | D20: =C20-B20 -> 0 | E20: 12 | G20: =D20-H20-I20 -> 0 | Q20: =F20+G20+H20+I20+J20+K20+L20+M20+N20+O20+P20 -> 0 | R20: =_xlfn.XLOOKUP(A20,'[1]31'!$A:$A,'[1]31'!$S:$S) -> 125216 | S20: 125216 | T20: =S20-R20 -> 0 | Y20: =X20+W20+V20+U20 -> 0 | AG20: =Z20+AA20+AB20+AC20+AD20+AE20+AF20 -> 0 | AL20: =AH20+AI20 -> 0 | AM20: =AJ20+AK20 -> 0 | AN20: =_xlfn.XLOOKUP(A20,'[1]31'!$A:$A,'[1]31'!$AR:$AR) -> 80 | AP20: =AO20+AN20 -> 80 | AQ20: =AP20-AR20 -> 0 | AR20: 80 | AS20: =SUM(AQ20/D20,0) -> #DIV/0! | AT20: 250 | AU20: =AT20-AR20 -> 170 | AW20: =ROUNDUP(I20*AS20,0) -> #DIV/0! | AX20: =ROUNDUP(H20*AS20,0) -> #DIV/0! | AY20: =ROUNDUP(J20*AS20,0) -> #DIV/0! | BB20: =AQ20-AW20-AX20-AY20 -> #DIV/0!
A21: ='ENTRY SHEET'!F21 -> OD09C5137 | B21: =_xlfn.XLOOKUP(A21,'[1]31'!$A:$A,'[1]31'!$C:$C) -> 17100.35 | C21: 17100.35 | D21: =C21-B21 -> 0 | E21: 12 | G21: 0 | Q21: =F21+G21+H21+I21+J21+K21+L21+M21+N21+O21+P21 -> 0 | R21: =_xlfn.XLOOKUP(A21,'[1]31'!$A:$A,'[1]31'!$S:$S) -> 131760.8 | S21: 131760.8 | T21: =S21-R21 -> 0 | Y21: =X21+W21+V21+U21 -> 0 | AG21: =Z21+AA21+AB21+AC21+AD21+AE21+AF21 -> 0 | AL21: =AH21+AI21 -> 0 | AM21: =AJ21+AK21 -> 0 | AN21: =_xlfn.XLOOKUP(A21,'[1]31'!$A:$A,'[1]31'!$AR:$AR) -> 70 | AP21: =AO21+AN21 -> 70 | AQ21: =AP21-AR21 -> 0 | AR21: 70 | AS21: =SUM(AQ21/D21,0) -> #DIV/0! | AT21: 250 | AU21: =AT21-AR21 -> 180 | AW21: =ROUNDUP(I21*AS21,0) -> #DIV/0! | AX21: =ROUNDUP(H21*AS21,0) -> #DIV/0! | AY21: =ROUNDUP(J21*AS21,0) -> #DIV/0! | BB21: =AQ21-AW21-AX21-AY21 -> #DIV/0!
A22: ='ENTRY SHEET'!F22 -> OD09C4623 | B22: =_xlfn.XLOOKUP(A22,'[1]31'!$A:$A,'[1]31'!$C:$C) -> 1457.5 | C22: 1457.5 | D22: =C22-B22 -> 0 | E22: 12 | G22: =D22-H22-I22 -> 0 | Q22: =F22+G22+H22+I22+J22+K22+L22+M22+N22+O22+P22 -> 0 | R22: =_xlfn.XLOOKUP(A22,'[1]31'!$A:$A,'[1]31'!$S:$S) -> 65563 | S22: 65563 | T22: =S22-R22 -> 0 | Y22: =X22+W22+V22+U22 -> 0 | AG22: =Z22+AA22+AB22+AC22+AD22+AE22+AF22 -> 0 | AL22: =AH22+AI22 -> 0 | AM22: =AJ22+AK22 -> 0 | AN22: =_xlfn.XLOOKUP(A22,'[1]31'!$A:$A,'[1]31'!$AR:$AR) -> 0 | AP22: =AO22+AN22 -> 0 | AQ22: =AP22-AR22 -> 0 | AS22: =SUM(AQ22/D22,0) -> #DIV/0! | AT22: 250 | AU22: =AT22-AR22 -> 250 | AW22: =ROUNDUP(I22*AS22,0) -> #DIV/0! | AX22: =ROUNDUP(H22*AS22,0) -> #DIV/0! | AY22: =ROUNDUP(J22*AS22,0) -> #DIV/0! | BB22: =AQ22-AW22-AX22-AY22 -> #DIV/0!
A23: ='ENTRY SHEET'!F23 -> OD09C4625 | B23: =_xlfn.XLOOKUP(A23,'[1]31'!$A:$A,'[1]31'!$C:$C) -> 24061.9 | C23: 24068.75 | D23: =C23-B23 -> 6.85 | E23: 12 | G23: 0 | H23: 2.15 | I23: 4.7 | Q23: =F23+G23+H23+I23+J23+K23+L23+M23+N23+O23+P23 -> 6.85 | R23: =_xlfn.XLOOKUP(A23,'[1]31'!$A:$A,'[1]31'!$S:$S) -> 88502.6 | S23: 88530.8 | T23: =S23-R23 -> 28.2 | Y23: =X23+W23+V23+U23 -> 0 | Z23: 8 | AB23: 3 | AG23: =Z23+AA23+AB23+AC23+AD23+AE23+AF23 -> 11 | AH23: 10 | AJ23: 303.97 | AL23: =AH23+AI23 -> 10 | AM23: =AJ23+AK23 -> 303.97 | AN23: =_xlfn.XLOOKUP(A23,'[1]31'!$A:$A,'[1]31'!$AR:$AR) -> 130 | AO23: 50 | AP23: =AO23+AN23 -> 180 | AQ23: =AP23-AR23 -> 40 | AR23: 140 | AS23: =SUM(AQ23/D23,0) -> 5.8394161 | AT23: 250 | AU23: =AT23-AR23 -> 110 | AW23: =ROUNDUP(I23*AS23,0) -> 28 | AX23: =ROUNDUP(H23*AS23,0) -> 13 | AY23: =ROUNDUP(J23*AS23,0) -> 0 | BB23: =AQ23-AW23-AX23-AY23 -> -1
A24: ='ENTRY SHEET'!F24 -> OD09C4823 | B24: =_xlfn.XLOOKUP(A24,'[1]31'!$A:$A,'[1]31'!$C:$C) -> 23965.45 | C24: 23971.3 | D24: =C24-B24 -> 5.85 | E24: 12 | G24: 0 | H24: 1.15 | I24: =5.85-1.15 -> 4.7 | Q24: =F24+G24+H24+I24+J24+K24+L24+M24+N24+O24+P24 -> 5.85 | R24: =_xlfn.XLOOKUP(A24,'[1]31'!$A:$A,'[1]31'!$S:$S) -> 146308 | S24: 146333.2 | T24: =S24-R24 -> 25.2 | Y24: =X24+W24+V24+U24 -> 0 | AB24: 4 | AG24: =Z24+AA24+AB24+AC24+AD24+AE24+AF24 -> 4 | AH24: 9 | AJ24: 280.01 | AL24: =AH24+AI24 -> 9 | AM24: =AJ24+AK24 -> 280.01 | AN24: =_xlfn.XLOOKUP(A24,'[1]31'!$A:$A,'[1]31'!$AR:$AR) -> 90 | AO24: 100 | AP24: =AO24+AN24 -> 190 | AQ24: =AP24-AR24 -> 20 | AR24: 170 | AS24: =SUM(AQ24/D24,0) -> 3.4188034 | AT24: 250 | AU24: =AT24-AR24 -> 80 | AW24: =ROUNDUP(I24*AS24,0) -> 17 | AX24: =ROUNDUP(H24*AS24,0) -> 4 | AY24: =ROUNDUP(J24*AS24,0) -> 0 | BB24: =AQ24-AW24-AX24-AY24 -> -1
A25: ='ENTRY SHEET'!F25 -> OD09C-4824 | B25: =_xlfn.XLOOKUP(A25,'[1]31'!$A:$A,'[1]31'!$C:$C) -> 17192.05 | C25: 17192.05 | D25: =C25-B25 -> 0 | E25: 12 | G25: =D25-H25-I25 -> 0 | Q25: =F25+G25+H25+I25+J25+K25+L25+M25+N25+O25+P25 -> 0 | R25: =_xlfn.XLOOKUP(A25,'[1]31'!$A:$A,'[1]31'!$S:$S) -> 110056.6 | S25: 110056.6 | T25: =S25-R25 -> 0 | Y25: =X25+W25+V25+U25 -> 0 | AG25: =Z25+AA25+AB25+AC25+AD25+AE25+AF25 -> 0 | AL25: =AH25+AI25 -> 0 | AM25: =AJ25+AK25 -> 0 | AN25: =_xlfn.XLOOKUP(A25,'[1]31'!$A:$A,'[1]31'!$AR:$AR) -> 175 | AP25: =AO25+AN25 -> 175 | AQ25: =AP25-AR25 -> 0 | AR25: 175 | AS25: =SUM(AQ25/D25,0) -> #DIV/0! | AT25: 250 | AU25: =AT25-AR25 -> 75 | AW25: =ROUNDUP(I25*AS25,0) -> #DIV/0! | AX25: =ROUNDUP(H25*AS25,0) -> #DIV/0! | AY25: =ROUNDUP(J25*AS25,0) -> #DIV/0! | BB25: =AQ25-AW25-AX25-AY25 -> #DIV/0!
A26: ='ENTRY SHEET'!F26 -> JH06H-3742 | B26: =_xlfn.XLOOKUP(A26,'[1]31'!$A:$A,'[1]31'!$C:$C) -> 18386 | C26: 18386 | D26: =C26-B26 -> 0 | E26: 12 | G26: =D26-H26-I26 -> 0 | Q26: =F26+G26+H26+I26+J26+K26+L26+M26+N26+O26+P26 -> 0 | R26: =_xlfn.XLOOKUP(A26,'[1]31'!$A:$A,'[1]31'!$S:$S) -> 0 | T26: =S26-R26 -> 0 | Y26: =X26+W26+V26+U26 -> 0 | AG26: =Z26+AA26+AB26+AC26+AD26+AE26+AF26 -> 0 | AL26: =AH26+AI26 -> 0 | AM26: =AJ26+AK26 -> 0 | AN26: =_xlfn.XLOOKUP(A26,'[1]31'!$A:$A,'[1]31'!$AR:$AR) -> 65 | AP26: =AO26+AN26 -> 65 | AQ26: =AP26-AR26 -> 0 | AR26: 65 | AS26: =SUM(AQ26/D26,0) -> #DIV/0! | AT26: 250 | AU26: =AT26-AR26 -> 185 | AW26: =ROUNDUP(I26*AS26,0) -> #DIV/0! | AX26: =ROUNDUP(H26*AS26,0) -> #DIV/0! | AY26: =ROUNDUP(J26*AS26,0) -> #DIV/0! | BB26: =AQ26-AW26-AX26-AY26 -> #DIV/0!
A27: ='ENTRY SHEET'!F27 -> OD09C-4879 | B27: =_xlfn.XLOOKUP(A27,'[1]31'!$A:$A,'[1]31'!$C:$C) -> 12980 | C27: 12980 | D27: =C27-B27 -> 0 | E27: 12 | G27: =D27-H27-I27 -> 0 | Q27: =F27+G27+H27+I27+J27+K27+L27+M27+N27+O27+P27 -> 0 | R27: =_xlfn.XLOOKUP(A27,'[1]31'!$A:$A,'[1]31'!$S:$S) -> 0 | T27: =S27-R27 -> 0 | Y27: =X27+W27+V27+U27 -> 0 | AG27: =Z27+AA27+AB27+AC27+AD27+AE27+AF27 -> 0 | AL27: =AH27+AI27 -> 0 | AM27: =AJ27+AK27 -> 0 | AN27: =_xlfn.XLOOKUP(A27,'[1]31'!$A:$A,'[1]31'!$AR:$AR) -> 85 | AP27: =AO27+AN27 -> 85 | AQ27: =AP27-AR27 -> 0 | AR27: 85 | AS27: =SUM(AQ27/D27,0) -> #DIV/0! | AT27: 250 | AU27: =AT27-AR27 -> 165 | AW27: =ROUNDUP(I27*AS27,0) -> #DIV/0! | AX27: =ROUNDUP(H27*AS27,0) -> #DIV/0! | AY27: =ROUNDUP(J27*AS27,0) -> #DIV/0! | BB27: =AQ27-AW27-AX27-AY27 -> #DIV/0!
A28: ='ENTRY SHEET'!F28 -> OD09C-1371 | B28: =_xlfn.XLOOKUP(A28,'[1]31'!$A:$A,'[1]31'!$C:$C) -> 11492 | C28: 11495 | D28: =C28-B28 -> 3 | E28: 12 | G28: =D28-H28-I28 -> 3 | Q28: =F28+G28+H28+I28+J28+K28+L28+M28+N28+O28+P28 -> 3 | R28: =_xlfn.XLOOKUP(A28,'[1]31'!$A:$A,'[1]31'!$S:$S) -> 137542 | S28: 137564 | T28: =S28-R28 -> 22 | V28: 7 | Y28: =X28+W28+V28+U28 -> 7 | AG28: =Z28+AA28+AB28+AC28+AD28+AE28+AF28 -> 0 | AL28: =AH28+AI28 -> 0 | AM28: =AJ28+AK28 -> 0 | AN28: =_xlfn.XLOOKUP(A28,'[1]31'!$A:$A,'[1]31'!$AR:$AR) -> 70 | AO28: 100 | AP28: =AO28+AN28 -> 170 | AQ28: =AP28-AR28 -> 30 | AR28: 140 | AS28: =SUM(AQ28/D28,0) -> 10 | AT28: 250 | AU28: =AT28-AR28 -> 110 | AW28: =ROUNDUP(I28*AS28,0) -> 0 | AX28: =ROUNDUP(H28*AS28,0) -> 0 | AY28: =ROUNDUP(J28*AS28,0) -> 0 | BB28: =AQ28-AW28-AX28-AY28 -> 30
A29: ='ENTRY SHEET'!F29 -> OD09C-4878 | B29: =_xlfn.XLOOKUP(A29,'[1]31'!$A:$A,'[1]31'!$C:$C) -> 0 | D29: =C29-B29 -> 0 | E29: 12 | G29: =D29-H29-I29 -> 0 | Q29: =F29+G29+H29+I29+J29+K29+L29+M29+N29+O29+P29 -> 0 | R29: =_xlfn.XLOOKUP(A29,'[1]31'!$A:$A,'[1]31'!$S:$S) -> 0 | T29: =S29-R29 -> 0 | Y29: =X29+W29+V29+U29 -> 0 | AG29: =Z29+AA29+AB29+AC29+AD29+AE29+AF29 -> 0 | AL29: =AH29+AI29 -> 0 | AM29: =AJ29+AK29 -> 0 | AN29: =_xlfn.XLOOKUP(A29,'[1]31'!$A:$A,'[1]31'!$AR:$AR) -> 0 | AP29: =AO29+AN29 -> 0 | AQ29: =AP29-AR29 -> 0 | AS29: =SUM(AQ29/D29,0) -> #DIV/0! | AT29: 250 | AU29: =AT29-AR29 -> 250 | AW29: =ROUNDUP(I29*AS29,0) -> #DIV/0! | AX29: =ROUNDUP(H29*AS29,0) -> #DIV/0! | AY29: =ROUNDUP(J29*AS29,0) -> #DIV/0! | BB29: =AQ29-AW29-AX29-AY29 -> #DIV/0!
A30: ='ENTRY SHEET'!F30 -> OD09C-8163 | B30: =_xlfn.XLOOKUP(A30,'[1]31'!$A:$A,'[1]31'!$C:$C) -> 13372.7 | C30: 13379.4 | D30: =C30-B30 -> 6.7 | E30: 12 | G30: =D30-H30-I30 -> 6.7 | Q30: =F30+G30+H30+I30+J30+K30+L30+M30+N30+O30+P30 -> 6.7 | R30: =_xlfn.XLOOKUP(A30,'[1]31'!$A:$A,'[1]31'!$S:$S) -> 61488 | S30: 61527 | T30: =S30-R30 -> 39 | U30: 3 | V30: 14 | Y30: =X30+W30+V30+U30 -> 17 | AG30: =Z30+AA30+AB30+AC30+AD30+AE30+AF30 -> 0 | AL30: =AH30+AI30 -> 0 | AM30: =AJ30+AK30 -> 0 | AN30: =_xlfn.XLOOKUP(A30,'[1]31'!$A:$A,'[1]31'!$AR:$AR) -> 140 | AO30: 50 | AP30: =AO30+AN30 -> 190 | AQ30: =AP30-AR30 -> 40 | AR30: 150 | AS30: =SUM(AQ30/D30,0) -> 5.9701493 | AT30: 250 | AU30: =AT30-AR30 -> 100 | AW30: =ROUNDUP(I30*AS30,0) -> 0 | AX30: =ROUNDUP(H30*AS30,0) -> 0 | AY30: =ROUNDUP(J30*AS30,0) -> 0 | BB30: =AQ30-AW30-AX30-AY30 -> 40
A31: ='ENTRY SHEET'!F31 -> OD09A-5106 | B31: =_xlfn.XLOOKUP(A31,'[1]31'!$A:$A,'[1]31'!$C:$C) -> 15049 | C31: 15058 | D31: =C31-B31 -> 9 | E31: 12 | G31: =D31-H31-I31 -> 9 | Q31: =F31+G31+H31+I31+J31+K31+L31+M31+N31+O31+P31 -> 9 | R31: =_xlfn.XLOOKUP(A31,'[1]31'!$A:$A,'[1]31'!$S:$S) -> 123070 | S31: 123109 | T31: =S31-R31 -> 39 | U31: 5 | V31: 8 | Y31: =X31+W31+V31+U31 -> 13 | AG31: =Z31+AA31+AB31+AC31+AD31+AE31+AF31 -> 0 | AL31: =AH31+AI31 -> 0 | AM31: =AJ31+AK31 -> 0 | AN31: =_xlfn.XLOOKUP(A31,'[1]31'!$A:$A,'[1]31'!$AR:$AR) -> 150 | AO31: 50 | AP31: =AO31+AN31 -> 200 | AQ31: =AP31-AR31 -> 50 | AR31: 150 | AS31: =SUM(AQ31/D31,0) -> 5.5555556 | AT31: 250 | AU31: =AT31-AR31 -> 100 | AW31: =ROUNDUP(I31*AS31,0) -> 0 | AX31: =ROUNDUP(H31*AS31,0) -> 0 | AY31: =ROUNDUP(J31*AS31,0) -> 0 | BB31: =AQ31-AW31-AX31-AY31 -> 50
A32: ='ENTRY SHEET'!F32 -> OD09C-8164 | B32: =_xlfn.XLOOKUP(A32,'[1]31'!$A:$A,'[1]31'!$C:$C) -> 10402.2 | C32: 10405.7 | D32: =C32-B32 -> 3.5 | E32: 12 | G32: =D32-H32-I32 -> 0.3 | H32: 3.2 | Q32: =F32+G32+H32+I32+J32+K32+L32+M32+N32+O32+P32 -> 3.5 | R32: =_xlfn.XLOOKUP(A32,'[1]31'!$A:$A,'[1]31'!$S:$S) -> 69740 | S32: 69760 | T32: =S32-R32 -> 20 | V32: 1 | Y32: =X32+W32+V32+U32 -> 1 | AD32: 6 | AG32: =Z32+AA32+AB32+AC32+AD32+AE32+AF32 -> 6 | AL32: =AH32+AI32 -> 0 | AM32: =AJ32+AK32 -> 0 | AN32: =_xlfn.XLOOKUP(A32,'[1]31'!$A:$A,'[1]31'!$AR:$AR) -> 100 | AO32: 100 | AP32: =AO32+AN32 -> 200 | AQ32: =AP32-AR32 -> 25 | AR32: 175 | AS32: =SUM(AQ32/D32,0) -> 7.1428571 | AT32: 250 | AU32: =AT32-AR32 -> 75 | AW32: =ROUNDUP(I32*AS32,0) -> 0 | AX32: =ROUNDUP(H32*AS32,0) -> 23 | AY32: =ROUNDUP(J32*AS32,0) -> 0 | BB32: =AQ32-AW32-AX32-AY32 -> 2
A33: ='ENTRY SHEET'!F33 -> OD09C-1373 | B33: =_xlfn.XLOOKUP(A33,'[1]31'!$A:$A,'[1]31'!$C:$C) -> 0 | D33: =C33-B33 -> 0 | E33: 12 | G33: =D33-H33-I33 -> 0 | Q33: =F33+G33+H33+I33+J33+K33+L33+M33+N33+O33+P33 -> 0 | R33: =_xlfn.XLOOKUP(A33,'[1]31'!$A:$A,'[1]31'!$S:$S) -> 0 | T33: =S33-R33 -> 0 | Y33: =X33+W33+V33+U33 -> 0 | AG33: =Z33+AA33+AB33+AC33+AD33+AE33+AF33 -> 0 | AL33: =AH33+AI33 -> 0 | AM33: =AJ33+AK33 -> 0 | AN33: =_xlfn.XLOOKUP(A33,'[1]31'!$A:$A,'[1]31'!$AR:$AR) -> 0 | AP33: =AO33+AN33 -> 0 | AQ33: =AP33-AR33 -> 0 | AS33: =SUM(AQ33/D33,0) -> #DIV/0! | AT33: 250 | AU33: =AT33-AR33 -> 250 | AW33: =ROUNDUP(I33*AS33,0) -> #DIV/0! | AX33: =ROUNDUP(H33*AS33,0) -> #DIV/0! | AY33: =ROUNDUP(J33*AS33,0) -> #DIV/0! | BB33: =AQ33-AW33-AX33-AY33 -> #DIV/0!
A34: ='ENTRY SHEET'!F34 -> OD09A-5666 | B34: =_xlfn.XLOOKUP(A34,'[1]31'!$A:$A,'[1]31'!$C:$C) -> 21853 | C34: 21859 | D34: =C34-B34 -> 6 | E34: 12 | G34: =D34-H34-I34 -> 0 | H34: 1 | I34: 5 | Q34: =F34+G34+H34+I34+J34+K34+L34+M34+N34+O34+P34 -> 6 | R34: =_xlfn.XLOOKUP(A34,'[1]31'!$A:$A,'[1]31'!$S:$S) -> 102060 | S34: 102092 | T34: =S34-R34 -> 32 | Y34: =X34+W34+V34+U34 -> 0 | AB34: 3 | AG34: =Z34+AA34+AB34+AC34+AD34+AE34+AF34 -> 3 | AH34: 11 | AJ34: 331.29 | AL34: =AH34+AI34 -> 11 | AM34: =AJ34+AK34 -> 331.29 | AN34: =_xlfn.XLOOKUP(A34,'[1]31'!$A:$A,'[1]31'!$AR:$AR) -> 140 | AO34: 60 | AP34: =AO34+AN34 -> 200 | AQ34: =AP34-AR34 -> 50 | AR34: 150 | AS34: =SUM(AQ34/D34,0) -> 8.3333333 | AT34: 250 | AU34: =AT34-AR34 -> 100 | AW34: =ROUNDUP(I34*AS34,0) -> 42 | AX34: =ROUNDUP(H34*AS34,0) -> 9 | AY34: =ROUNDUP(J34*AS34,0) -> 0 | BB34: =AQ34-AW34-AX34-AY34 -> -1
A35: ='ENTRY SHEET'!F35 -> OD09A-6059 | B35: =_xlfn.XLOOKUP(A35,'[1]31'!$A:$A,'[1]31'!$C:$C) -> 14031 | C35: 14039 | D35: =C35-B35 -> 8 | E35: 12 | G35: =D35-H35-I35 -> 5 | H35: 3 | Q35: =F35+G35+H35+I35+J35+K35+L35+M35+N35+O35+P35 -> 8 | R35: =_xlfn.XLOOKUP(A35,'[1]31'!$A:$A,'[1]31'!$S:$S) -> 91579 | S35: 91618 | T35: =S35-R35 -> 39 | V35: 9 | Y35: =X35+W35+V35+U35 -> 9 | AD35: 6 | AG35: =Z35+AA35+AB35+AC35+AD35+AE35+AF35 -> 6 | AL35: =AH35+AI35 -> 0 | AM35: =AJ35+AK35 -> 0 | AN35: =_xlfn.XLOOKUP(A35,'[1]31'!$A:$A,'[1]31'!$AR:$AR) -> 120 | AO35: 100 | AP35: =AO35+AN35 -> 220 | AQ35: =AP35-AR35 -> 40 | AR35: 180 | AS35: =SUM(AQ35/D35,0) -> 5 | AT35: 250 | AU35: =AT35-AR35 -> 70 | AW35: =ROUNDUP(I35*AS35,0) -> 0 | AX35: =ROUNDUP(H35*AS35,0) -> 15 | AY35: =ROUNDUP(J35*AS35,0) -> 0 | BB35: =AQ35-AW35-AX35-AY35 -> 25
A36: ='ENTRY SHEET'!F36 -> JH06H-9654 | B36: =_xlfn.XLOOKUP(A36,'[1]31'!$A:$A,'[1]31'!$C:$C) -> 0 | D36: 4 | E36: 12 | G36: =D36-H36-I36 -> 1.5 | H36: 2.5 | Q36: =F36+G36+H36+I36+J36+K36+L36+M36+N36+O36+P36 -> 4 | R36: =_xlfn.XLOOKUP(A36,'[1]31'!$A:$A,'[1]31'!$S:$S) -> 100651 | S36: 100702 | T36: =S36-R36 -> 51 | V36: 4 | Y36: =X36+W36+V36+U36 -> 4 | AD36: 5 | AG36: =Z36+AA36+AB36+AC36+AD36+AE36+AF36 -> 5 | AL36: =AH36+AI36 -> 0 | AM36: =AJ36+AK36 -> 0 | AN36: =_xlfn.XLOOKUP(A36,'[1]31'!$A:$A,'[1]31'!$AR:$AR) -> 220 | AO36: 50 | AP36: =AO36+AN36 -> 270 | AQ36: =AP36-AR36 -> 140 | AR36: 130 | AS36: =SUM(AQ36/D36,0) -> 35 | AT36: 250 | AU36: =AT36-AR36 -> 120 | AW36: =ROUNDUP(I36*AS36,0) -> 0 | AX36: =ROUNDUP(H36*AS36,0) -> 88 | AY36: =ROUNDUP(J36*AS36,0) -> 0 | BB36: =AQ36-AW36-AX36-AY36 -> 52
A37: ='ENTRY SHEET'!F37 -> OD09A-5105 | B37: =_xlfn.XLOOKUP(A37,'[1]31'!$A:$A,'[1]31'!$C:$C) -> 12596 | C37: 12604 | D37: =C37-B37 -> 8 | E37: 12 | G37: =D37-H37-I37 -> 8 | Q37: =F37+G37+H37+I37+J37+K37+L37+M37+N37+O37+P37 -> 8 | R37: =_xlfn.XLOOKUP(A37,'[1]31'!$A:$A,'[1]31'!$S:$S) -> 91212 | S37: 91262 | T37: =S37-R37 -> 50 | U37: 5 | V37: 14 | Y37: =X37+W37+V37+U37 -> 19 | AG37: =Z37+AA37+AB37+AC37+AD37+AE37+AF37 -> 0 | AL37: =AH37+AI37 -> 0 | AM37: =AJ37+AK37 -> 0 | AN37: =_xlfn.XLOOKUP(A37,'[1]31'!$A:$A,'[1]31'!$AR:$AR) -> 140 | AO37: 100 | AP37: =AO37+AN37 -> 240 | AQ37: =AP37-AR37 -> 65 | AR37: 175 | AS37: =SUM(AQ37/D37,0) -> 8.125 | AT37: 250 | AU37: =AT37-AR37 -> 75 | AW37: =ROUNDUP(I37*AS37,0) -> 0 | AX37: =ROUNDUP(H37*AS37,0) -> 0 | AY37: =ROUNDUP(J37*AS37,0) -> 0 | BB37: =AQ37-AW37-AX37-AY37 -> 65
A38: ='ENTRY SHEET'!F38 -> JH06G-4703 | B38: =_xlfn.XLOOKUP(A38,'[1]31'!$A:$A,'[1]31'!$C:$C) -> 8147 | C38: 8155 | D38: =C38-B38 -> 8 | E38: 12 | G38: =D38-H38-I38 -> 8 | Q38: =F38+G38+H38+I38+J38+K38+L38+M38+N38+O38+P38 -> 8 | R38: =_xlfn.XLOOKUP(A38,'[1]31'!$A:$A,'[1]31'!$S:$S) -> 95362 | S38: 95418 | T38: =S38-R38 -> 56 | U38: 6 | V38: 15 | Y38: =X38+W38+V38+U38 -> 21 | AG38: =Z38+AA38+AB38+AC38+AD38+AE38+AF38 -> 0 | AL38: =AH38+AI38 -> 0 | AM38: =AJ38+AK38 -> 0 | AN38: =_xlfn.XLOOKUP(A38,'[1]31'!$A:$A,'[1]31'!$AR:$AR) -> 160 | AO38: 50 | AP38: =AO38+AN38 -> 210 | AQ38: =AP38-AR38 -> 50 | AR38: 160 | AS38: =SUM(AQ38/D38,0) -> 6.25 | AT38: 250 | AU38: =AT38-AR38 -> 90 | AW38: =ROUNDUP(I38*AS38,0) -> 0 | AX38: =ROUNDUP(H38*AS38,0) -> 0 | AY38: =ROUNDUP(J38*AS38,0) -> 0 | BB38: =AQ38-AW38-AX38-AY38 -> 50
A39: ='ENTRY SHEET'!F39 -> JH06H-5348 | B39: =_xlfn.XLOOKUP(A39,'[1]31'!$A:$A,'[1]31'!$C:$C) -> 394.5 | C39: 402 | D39: =C39-B39 -> 7.5 | E39: 12 | G39: =D39-H39-I39 -> 4.5 | H39: 3 | Q39: =F39+G39+H39+I39+J39+K39+L39+M39+N39+O39+P39 -> 7.5 | R39: =_xlfn.XLOOKUP(A39,'[1]31'!$A:$A,'[1]31'!$S:$S) -> 122018 | S39: 122057 | T39: =S39-R39 -> 39 | V39: 9 | Y39: =X39+W39+V39+U39 -> 9 | AD39: 6 | AG39: =Z39+AA39+AB39+AC39+AD39+AE39+AF39 -> 6 | AL39: =AH39+AI39 -> 0 | AM39: =AJ39+AK39 -> 0 | AN39: =_xlfn.XLOOKUP(A39,'[1]31'!$A:$A,'[1]31'!$AR:$AR) -> 130 | AO39: 50 | AP39: =AO39+AN39 -> 180 | AQ39: =AP39-AR39 -> 40 | AR39: 140 | AS39: =SUM(AQ39/D39,0) -> 5.3333333 | AT39: 0 | AU39: =AT39-AR39 -> -140 | AW39: =ROUNDUP(I39*AS39,0) -> 0 | AX39: =ROUNDUP(H39*AS39,0) -> 16 | AY39: =ROUNDUP(J39*AS39,0) -> 0 | BB39: =AQ39-AW39-AX39-AY39 -> 24
A40: ='ENTRY SHEET'!F40 -> OD09K-5036 | B40: =_xlfn.XLOOKUP(A40,'[1]31'!$A:$A,'[1]31'!$C:$C) -> 13265 | C40: 13265 | D40: =C40-B40 -> 0 | E40: 12 | G40: =D40-H40-I40 -> 0 | Q40: =F40+G40+H40+I40+J40+K40+L40+M40+N40+O40+P40 -> 0 | R40: =_xlfn.XLOOKUP(A40,'[1]31'!$A:$A,'[1]31'!$S:$S) -> 92832 | S40: 92832 | T40: =S40-R40 -> 0 | Y40: =X40+W40+V40+U40 -> 0 | AG40: =Z40+AA40+AB40+AC40+AD40+AE40+AF40 -> 0 | AL40: =AH40+AI40 -> 0 | AM40: =AJ40+AK40 -> 0 | AN40: =_xlfn.XLOOKUP(A40,'[1]31'!$A:$A,'[1]31'!$AR:$AR) -> 145 | AP40: =AO40+AN40 -> 145 | AQ40: =AP40-AR40 -> 0 | AR40: 145 | AS40: =SUM(AQ40/D40,0) -> #DIV/0! | AT40: 0 | AU40: =AT40-AR40 -> -145 | AW40: =ROUNDUP(I40*AS40,0) -> #DIV/0! | AX40: =ROUNDUP(H40*AS40,0) -> #DIV/0! | AY40: =ROUNDUP(J40*AS40,0) -> #DIV/0! | BB40: =AQ40-AW40-AX40-AY40 -> #DIV/0!
A41: ='ENTRY SHEET'!F41 -> OD09K-1394 | B41: =_xlfn.XLOOKUP(A41,'[1]31'!$A:$A,'[1]31'!$C:$C) -> 10106 | C41: 10112 | D41: =C41-B41 -> 6 | E41: 12 | G41: =D41-H41-I41 -> 3 | H41: 3 | Q41: =F41+G41+H41+I41+J41+K41+L41+M41+N41+O41+P41 -> 6 | R41: =_xlfn.XLOOKUP(A41,'[1]31'!$A:$A,'[1]31'!$S:$S) -> 50093 | S41: 50128.8 | T41: =S41-R41 -> 35.8 | V41: 8 | Y41: =X41+W41+V41+U41 -> 8 | AD41: 6 | AG41: =Z41+AA41+AB41+AC41+AD41+AE41+AF41 -> 6 | AL41: =AH41+AI41 -> 0 | AM41: =AJ41+AK41 -> 0 | AN41: =_xlfn.XLOOKUP(A41,'[1]31'!$A:$A,'[1]31'!$AR:$AR) -> 130 | AO41: 55 | AP41: =AO41+AN41 -> 185 | AQ41: =AP41-AR41 -> 40 | AR41: 145 | AS41: =SUM(AQ41/D41,0) -> 6.6666667 | AT41: 0 | AU41: =AT41-AR41 -> -145 | AW41: =ROUNDUP(I41*AS41,0) -> 0 | AX41: =ROUNDUP(H41*AS41,0) -> 20 | AY41: =ROUNDUP(J41*AS41,0) -> 0 | BB41: =AQ41-AW41-AX41-AY41 -> 20
A42: ='ENTRY SHEET'!F42 -> JH06T-7706 | B42: =_xlfn.XLOOKUP(A42,'[1]31'!$A:$A,'[1]31'!$C:$C) -> 16031.4 | C42: 16039.7 | D42: =C42-B42 -> 8.3 | E42: 12 | G42: =D42-H42-I42 -> 8.3 | Q42: =F42+G42+H42+I42+J42+K42+L42+M42+N42+O42+P42 -> 8.3 | R42: =_xlfn.XLOOKUP(A42,'[1]31'!$A:$A,'[1]31'!$S:$S) -> 105116 | S42: 105161 | T42: =S42-R42 -> 45 | U42: 5 | V42: 13 | Y42: =X42+W42+V42+U42 -> 18 | AG42: =Z42+AA42+AB42+AC42+AD42+AE42+AF42 -> 0 | AL42: =AH42+AI42 -> 0 | AM42: =AJ42+AK42 -> 0 | AN42: =_xlfn.XLOOKUP(A42,'[1]31'!$A:$A,'[1]31'!$AR:$AR) -> 130 | AO42: 50 | AP42: =AO42+AN42 -> 180 | AQ42: =AP42-AR42 -> 50 | AR42: 130 | AS42: =SUM(AQ42/D42,0) -> 6.0240964 | AT42: 0 | AU42: =AT42-AR42 -> -130 | AW42: =ROUNDUP(I42*AS42,0) -> 0 | AX42: =ROUNDUP(H42*AS42,0) -> 0 | AY42: =ROUNDUP(J42*AS42,0) -> 0 | BB42: =AQ42-AW42-AX42-AY42 -> 50
A43: ='ENTRY SHEET'!F43 -> JH06H-7764 | B43: =_xlfn.XLOOKUP(A43,'[1]31'!$A:$A,'[1]31'!$C:$C) -> 17888.4 | C43: 17897.5 | D43: =C43-B43 -> 9.1 | E43: 12 | G43: =D43-H43-I43 -> 9.1 | Q43: =F43+G43+H43+I43+J43+K43+L43+M43+N43+O43+P43 -> 9.1 | R43: =_xlfn.XLOOKUP(A43,'[1]31'!$A:$A,'[1]31'!$S:$S) -> 87346 | S43: 87386 | T43: =S43-R43 -> 40 | U43: 4 | V43: 13 | Y43: =X43+W43+V43+U43 -> 17 | AG43: =Z43+AA43+AB43+AC43+AD43+AE43+AF43 -> 0 | AL43: =AH43+AI43 -> 0 | AM43: =AJ43+AK43 -> 0 | AN43: =_xlfn.XLOOKUP(A43,'[1]31'!$A:$A,'[1]31'!$AR:$AR) -> 145 | AO43: 50 | AP43: =AO43+AN43 -> 195 | AQ43: =AP43-AR43 -> 60 | AR43: 135 | AS43: =SUM(AQ43/D43,0) -> 6.5934066 | AT43: 0 | AU43: =AT43-AR43 -> -135 | AW43: =ROUNDUP(I43*AS43,0) -> 0 | AX43: =ROUNDUP(H43*AS43,0) -> 0 | AY43: =ROUNDUP(J43*AS43,0) -> 0 | BB43: =AQ43-AW43-AX43-AY43 -> 60
A44: ='ENTRY SHEET'!F44 -> OD09AE-5513 DMC | B44: =_xlfn.XLOOKUP(A44,'[1]31'!$A:$A,'[1]31'!$C:$C) -> 3946.1 | C44: 3951.6 | D44: =C44-B44 -> 5.5 | E44: 12 | G44: =D44-H44-I44 -> 5.5 | Q44: =F44+G44+H44+I44+J44+K44+L44+M44+N44+O44+P44 -> 5.5 | R44: =_xlfn.XLOOKUP(A44,'[1]31'!$A:$A,'[1]31'!$S:$S) -> 22694.2 | S44: 22721 | T44: =S44-R44 -> 26.8 | V44: 11 | Y44: =X44+W44+V44+U44 -> 11 | AG44: =Z44+AA44+AB44+AC44+AD44+AE44+AF44 -> 0 | AL44: =AH44+AI44 -> 0 | AM44: =AJ44+AK44 -> 0 | AN44: =_xlfn.XLOOKUP(A44,'[1]31'!$A:$A,'[1]31'!$AR:$AR) -> 0 | AO44: 100 | AP44: =AO44+AN44 -> 100 | AQ44: =AP44-AR44 -> 0 | AR44: 100 | AS44: =SUM(AQ44/D44,0) -> 0 | AT44: 0 | AU44: =AT44-AR44 -> -100 | AW44: =ROUNDUP(I44*AS44,0) -> 0 | AX44: =ROUNDUP(H44*AS44,0) -> 0 | AY44: =ROUNDUP(J44*AS44,0) -> 0 | BB44: =AQ44-AW44-AX44-AY44 -> 0
A45: ='ENTRY SHEET'!F45 -> OD09Z-5713 DMC | B45: =_xlfn.XLOOKUP(A45,'[1]31'!$A:$A,'[1]31'!$C:$C) -> 3782.5 | C45: 3786.1 | D45: =C45-B45 -> 3.6 | E45: 12 | G45: =D45-H45-I45 -> 3.6 | Q45: =F45+G45+H45+I45+J45+K45+L45+M45+N45+O45+P45 -> 3.6 | R45: =_xlfn.XLOOKUP(A45,'[1]31'!$A:$A,'[1]31'!$S:$S) -> 22170.5 | S45: 22194.9 | T45: =S45-R45 -> 24.4 | V45: 11 | Y45: =X45+W45+V45+U45 -> 11 | AG45: =Z45+AA45+AB45+AC45+AD45+AE45+AF45 -> 0 | AL45: =AH45+AI45 -> 0 | AM45: =AJ45+AK45 -> 0 | AN45: =_xlfn.XLOOKUP(A45,'[1]31'!$A:$A,'[1]31'!$AR:$AR) -> 0 | AP45: =AO45+AN45 -> 0 | AQ45: =AP45-AR45 -> 0 | AS45: =SUM(AQ45/D45,0) -> 0 | AT45: 0 | AU45: =AT45-AR45 -> 0 | AW45: =ROUNDUP(I45*AS45,0) -> 0 | AX45: =ROUNDUP(H45*AS45,0) -> 0 | AY45: =ROUNDUP(J45*AS45,0) -> 0 | BB45: =AQ45-AW45-AX45-AY45 -> 0
A46: ='ENTRY SHEET'!F46 -> OD09Z-5813 DMC | B46: =_xlfn.XLOOKUP(A46,'[1]31'!$A:$A,'[1]31'!$C:$C) -> 3668.1 | C46: 3673.9 | D46: =C46-B46 -> 5.8 | E46: 12 | G46: =D46-H46-I46 -> 5.8 | Q46: =F46+G46+H46+I46+J46+K46+L46+M46+N46+O46+P46 -> 5.8 | R46: =_xlfn.XLOOKUP(A46,'[1]31'!$A:$A,'[1]31'!$S:$S) -> 21149.7 | S46: 21175.1 | T46: =S46-R46 -> 25.4 | V46: 11 | Y46: =X46+W46+V46+U46 -> 11 | AG46: =Z46+AA46+AB46+AC46+AD46+AE46+AF46 -> 0 | AL46: =AH46+AI46 -> 0 | AM46: =AJ46+AK46 -> 0 | AN46: =_xlfn.XLOOKUP(A46,'[1]31'!$A:$A,'[1]31'!$AR:$AR) -> 0 | AP46: =AO46+AN46 -> 0 | AQ46: =AP46-AR46 -> 0 | AS46: =SUM(AQ46/D46,0) -> 0 | AT46: 0 | AU46: =AT46-AR46 -> 0 | AW46: =ROUNDUP(I46*AS46,0) -> 0 | AX46: =ROUNDUP(H46*AS46,0) -> 0 | AY46: =ROUNDUP(J46*AS46,0) -> 0 | BB46: =AQ46-AW46-AX46-AY46 -> 0
A47: ='ENTRY SHEET'!F47 -> OD07AR-4113 DMC | B47: =_xlfn.XLOOKUP(A47,'[1]31'!$A:$A,'[1]31'!$C:$C) -> 8739 | C47: 8741 | D47: =C47-B47 -> 2 | E47: 12 | G47: =D47-H47-I47 -> 2 | Q47: =F47+G47+H47+I47+J47+K47+L47+M47+N47+O47+P47 -> 2 | R47: =_xlfn.XLOOKUP(A47,'[1]31'!$A:$A,'[1]31'!$S:$S) -> 48266.6 | S47: 48289.3 | T47: =S47-R47 -> 22.7 | V47: 9 | Y47: =X47+W47+V47+U47 -> 9 | AG47: =Z47+AA47+AB47+AC47+AD47+AE47+AF47 -> 0 | AL47: =AH47+AI47 -> 0 | AM47: =AJ47+AK47 -> 0 | AN47: =_xlfn.XLOOKUP(A47,'[1]31'!$A:$A,'[1]31'!$AR:$AR) -> 0 | AP47: =AO47+AN47 -> 0 | AQ47: =AP47-AR47 -> 0 | AS47: =SUM(AQ47/D47,0) -> 0 | AT47: 0 | AU47: =AT47-AR47 -> 0 | AW47: =ROUNDUP(I47*AS47,0) -> 0 | AX47: =ROUNDUP(H47*AS47,0) -> 0 | AY47: =ROUNDUP(J47*AS47,0) -> 0 | BB47: =AQ47-AW47-AX47-AY47 -> 0
A48: ='ENTRY SHEET'!F48 -> OD09Z-5913 DMC | B48: =_xlfn.XLOOKUP(A48,'[1]31'!$A:$A,'[1]31'!$C:$C) -> 3802.8 | C48: 3808.8 | D48: =C48-B48 -> 6 | E48: 12 | G48: =D48-H48-I48 -> 6 | Q48: =F48+G48+H48+I48+J48+K48+L48+M48+N48+O48+P48 -> 6 | R48: =_xlfn.XLOOKUP(A48,'[1]31'!$A:$A,'[1]31'!$S:$S) -> 22020.9 | S48: 22048.1 | T48: =S48-R48 -> 27.2 | V48: 12 | Y48: =X48+W48+V48+U48 -> 12 | AG48: =Z48+AA48+AB48+AC48+AD48+AE48+AF48 -> 0 | AL48: =AH48+AI48 -> 0 | AM48: =AJ48+AK48 -> 0 | AN48: =_xlfn.XLOOKUP(A48,'[1]31'!$A:$A,'[1]31'!$AR:$AR) -> 0 | AP48: =AO48+AN48 -> 0 | AQ48: =AP48-AR48 -> 0 | AS48: =SUM(AQ48/D48,0) -> 0 | AT48: 0 | AU48: =AT48-AR48 -> 0 | AW48: =ROUNDUP(I48*AS48,0) -> 0 | AX48: =ROUNDUP(H48*AS48,0) -> 0 | AY48: =ROUNDUP(J48*AS48,0) -> 0 | BB48: =AQ48-AW48-AX48-AY48 -> 0
A49: ='ENTRY SHEET'!F49 -> OD09Z-5613 DMC | B49: =_xlfn.XLOOKUP(A49,'[1]31'!$A:$A,'[1]31'!$C:$C) -> 3812.9 | C49: 3817 | D49: =C49-B49 -> 4.1 | E49: 12 | G49: =D49-H49-I49 -> 4.1 | Q49: =F49+G49+H49+I49+J49+K49+L49+M49+N49+O49+P49 -> 4.1 | R49: =_xlfn.XLOOKUP(A49,'[1]31'!$A:$A,'[1]31'!$S:$S) -> 22770.5 | S49: 22795.4 | T49: =S49-R49 -> 24.9 | V49: 11 | Y49: =X49+W49+V49+U49 -> 11 | AG49: =Z49+AA49+AB49+AC49+AD49+AE49+AF49 -> 0 | AL49: =AH49+AI49 -> 0 | AM49: =AJ49+AK49 -> 0 | AN49: =_xlfn.XLOOKUP(A49,'[1]31'!$A:$A,'[1]31'!$AR:$AR) -> 0 | AP49: =AO49+AN49 -> 0 | AQ49: =AP49-AR49 -> 0 | AS49: =SUM(AQ49/D49,0) -> 0 | AT49: 0 | AU49: =AT49-AR49 -> 0 | AW49: =ROUNDUP(I49*AS49,0) -> 0 | AX49: =ROUNDUP(H49*AS49,0) -> 0 | AY49: =ROUNDUP(J49*AS49,0) -> 0 | BB49: =AQ49-AW49-AX49-AY49 -> 0
A50: ='ENTRY SHEET'!F50 -> JH06G-5437 | B50: 12084 | C50: 12086 | D50: =C50-B50 -> 2 | E50: 12 | G50: =D50-H50-I50 -> 2 | Q50: =F50+G50+H50+I50+J50+K50+L50+M50+N50+O50+P50 -> 2 | R50: 82274 | S50: 82284 | T50: =S50-R50 -> 10 | V50: 4 | Y50: =X50+W50+V50+U50 -> 4 | AG50: =Z50+AA50+AB50+AC50+AD50+AE50+AF50 -> 0 | AL50: =AH50+AI50 -> 0 | AM50: =AJ50+AK50 -> 0 | AN50: 20 | AO50: 150 | AP50: =AO50+AN50 -> 170 | AQ50: =AP50-AR50 -> 10 | AR50: 160 | AS50: =SUM(AQ50/D50,0) -> 5 | AT50: 0 | AU50: =AT50-AR50 -> -160 | AW50: =ROUNDUP(I50*AS50,0) -> 0 | AX50: =ROUNDUP(H50*AS50,0) -> 0 | AY50: =ROUNDUP(J50*AS50,0) -> 0 | BB50: =AQ50-AW50-AX50-AY50 -> 10
A51: ='ENTRY SHEET'!F51 -> OD09Z-1273 | B51: 0 | D51: =C51-B51 -> 0 | E51: 12 | G51: =D51-H51-I51 -> 0 | Q51: =F51+G51+H51+I51+J51+K51+L51+M51+N51+O51+P51 -> 0 | R51: 0 | T51: =S51-R51 -> 0 | Y51: =X51+W51+V51+U51 -> 0 | AG51: =Z51+AA51+AB51+AC51+AD51+AE51+AF51 -> 0 | AL51: =AH51+AI51 -> 0 | AM51: =AJ51+AK51 -> 0 | AN51: 0 | AP51: =AO51+AN51 -> 0 | AQ51: =AP51-AR51 -> 0 | AS51: =SUM(AQ51/D51,0) -> #DIV/0! | AT51: 0 | AU51: =AT51-AR51 -> 0 | AW51: =ROUNDUP(I51*AS51,0) -> #DIV/0! | AX51: =ROUNDUP(H51*AS51,0) -> #DIV/0! | AY51: =ROUNDUP(J51*AS51,0) -> #DIV/0! | BB51: =AQ51-AW51-AX51-AY51 -> #DIV/0!
A52: ='ENTRY SHEET'!F52 -> OD09Z-1274 | B52: 0 | D52: =C52-B52 -> 0 | E52: 12 | G52: =D52-H52-I52 -> 0 | Q52: =F52+G52+H52+I52+J52+K52+L52+M52+N52+O52+P52 -> 0 | R52: =_xlfn.XLOOKUP(A52,'[1]31'!$A:$A,'[1]31'!$S:$S) -> #N/A | T52: =S52-R52 -> #N/A | Y52: =X52+W52+V52+U52 -> 0 | AG52: =Z52+AA52+AB52+AC52+AD52+AE52+AF52 -> 0 | AL52: =AH52+AI52 -> 0 | AM52: =AJ52+AK52 -> 0 | AN52: =_xlfn.XLOOKUP(A52,'[1]31'!$A:$A,'[1]31'!$AR:$AR) -> #N/A | AP52: =AO52+AN52 -> #N/A | AQ52: =AP52-AR52 -> #N/A | AS52: =SUM(AQ52/D52,0) -> #N/A | AT52: 0 | AU52: =AT52-AR52 -> 0 | AW52: =ROUNDUP(I52*AS52,0) -> #N/A | AX52: =ROUNDUP(H52*AS52,0) -> #N/A | AY52: =ROUNDUP(J52*AS52,0) -> #N/A | BB52: =AQ52-AW52-AX52-AY52 -> #N/A
A53: ='ENTRY SHEET'!F53 -> OD09Z-1202 | B53: 0 | D53: =C53-B53 -> 0 | E53: 12 | G53: =D53-H53-I53 -> 0 | Q53: =F53+G53+H53+I53+J53+K53+L53+M53+N53+O53+P53 -> 0 | R53: =_xlfn.XLOOKUP(A53,'[1]31'!$A:$A,'[1]31'!$S:$S) -> #N/A | T53: =S53-R53 -> #N/A | Y53: =X53+W53+V53+U53 -> 0 | AG53: =Z53+AA53+AB53+AC53+AD53+AE53+AF53 -> 0 | AL53: =AH53+AI53 -> 0 | AM53: =AJ53+AK53 -> 0 | AN53: =_xlfn.XLOOKUP(A53,'[1]31'!$A:$A,'[1]31'!$AR:$AR) -> #N/A | AP53: =AO53+AN53 -> #N/A | AQ53: =AP53-AR53 -> #N/A | AS53: =SUM(AQ53/D53,0) -> #N/A | AT53: 0 | AU53: =AT53-AR53 -> 0 | AW53: =ROUNDUP(I53*AS53,0) -> #N/A | AX53: =ROUNDUP(H53*AS53,0) -> #N/A | AY53: =ROUNDUP(J53*AS53,0) -> #N/A | BB53: =AQ53-AW53-AX53-AY53 -> #N/A
A54: ='ENTRY SHEET'!F54 -> 0 | B54: =_xlfn.XLOOKUP(A54,'[1]31'!$A:$A,'[1]31'!$C:$C) -> 0 | D54: =C54-B54 -> 0 | E54: 12 | G54: =D54-H54-I54 -> 0 | Q54: =F54+G54+H54+I54+J54+K54+L54+M54+N54+O54+P54 -> 0 | R54: =_xlfn.XLOOKUP(A54,'[1]31'!$A:$A,'[1]31'!$S:$S) -> 0 | T54: =S54-R54 -> 0 | Y54: =X54+W54+V54+U54 -> 0 | AG54: =Z54+AA54+AB54+AC54+AD54+AE54+AF54 -> 0 | AL54: =AH54+AI54 -> 0 | AM54: =AJ54+AK54 -> 0 | AN54: =_xlfn.XLOOKUP(A54,'[1]31'!$A:$A,'[1]31'!$AR:$AR) -> 0 | AP54: =AO54+AN54 -> 0 | AQ54: =AP54-AR54 -> 0 | AS54: =SUM(AQ54/D54,0) -> #DIV/0! | AT54: 0 | AU54: =AT54-AR54 -> 0 | AW54: =ROUNDUP(I54*AS54,0) -> #DIV/0! | AX54: =ROUNDUP(H54*AS54,0) -> #DIV/0! | AY54: =ROUNDUP(J54*AS54,0) -> #DIV/0! | BB54: =AQ54-AW54-AX54-AY54 -> #DIV/0!
A55: ='ENTRY SHEET'!F55 -> 0 | B55: =_xlfn.XLOOKUP(A55,'[1]31'!$A:$A,'[1]31'!$C:$C) -> 0 | D55: =C55-B55 -> 0 | E55: 12 | G55: =D55-H55-I55 -> 0 | Q55: =F55+G55+H55+I55+J55+K55+L55+M55+N55+O55+P55 -> 0 | R55: =_xlfn.XLOOKUP(A55,'[1]31'!$A:$A,'[1]31'!$S:$S) -> 0 | T55: =S55-R55 -> 0 | Y55: =X55+W55+V55+U55 -> 0 | AG55: =Z55+AA55+AB55+AC55+AD55+AE55+AF55 -> 0 | AL55: =AH55+AI55 -> 0 | AM55: =AJ55+AK55 -> 0 | AN55: =_xlfn.XLOOKUP(A55,'[1]31'!$A:$A,'[1]31'!$AR:$AR) -> 0 | AP55: =AO55+AN55 -> 0 | AQ55: =AP55-AR55 -> 0 | AS55: =SUM(AQ55/D55,0) -> #DIV/0! | AT55: 0 | AU55: =AT55-AR55 -> 0 | AW55: =ROUNDUP(I55*AS55,0) -> #DIV/0! | AX55: =ROUNDUP(H55*AS55,0) -> #DIV/0! | AY55: =ROUNDUP(J55*AS55,0) -> #DIV/0! | BB55: =AQ55-AW55-AX55-AY55 -> #DIV/0!
A56: ='ENTRY SHEET'!F56 -> 0 | B56: =_xlfn.XLOOKUP(A56,'[1]31'!$A:$A,'[1]31'!$C:$C) -> 0 | D56: =C56-B56 -> 0 | E56: 12 | G56: =D56-H56-I56 -> 0 | Q56: =F56+G56+H56+I56+J56+K56+L56+M56+N56+O56+P56 -> 0 | R56: =_xlfn.XLOOKUP(A56,'[1]31'!$A:$A,'[1]31'!$S:$S) -> 0 | T56: =S56-R56 -> 0 | Y56: =X56+W56+V56+U56 -> 0 | AG56: =Z56+AA56+AB56+AC56+AD56+AE56+AF56 -> 0 | AL56: =AH56+AI56 -> 0 | AM56: =AJ56+AK56 -> 0 | AN56: =_xlfn.XLOOKUP(A56,'[1]31'!$A:$A,'[1]31'!$AR:$AR) -> 0 | AP56: =AO56+AN56 -> 0 | AQ56: =AP56-AR56 -> 0 | AS56: =SUM(AQ56/D56,0) -> #DIV/0! | AT56: 0 | AU56: =AT56-AR56 -> 0 | AW56: =ROUNDUP(I56*AS56,0) -> #DIV/0! | AX56: =ROUNDUP(H56*AS56,0) -> #DIV/0! | AY56: =ROUNDUP(J56*AS56,0) -> #DIV/0! | BB56: =AQ56-AW56-AX56-AY56 -> #DIV/0!
A57: ='ENTRY SHEET'!F57 -> OD09P-6973 W.TANKER | B57: =_xlfn.XLOOKUP(A57,'[1]31'!$A:$A,'[1]31'!$C:$C) -> 4670.1 | C57: 4673.9 | D57: =C57-B57 -> 3.8 | E57: 12 | G57: =D57-H57-I57 -> 3.8 | Q57: =F57+G57+H57+I57+J57+K57+L57+M57+N57+O57+P57 -> 3.8 | R57: 52306.6 | S57: 52342.3 | T57: =S57-R57 -> 35.7 | U57: 4 | Y57: =X57+W57+V57+U57 -> 4 | AG57: =Z57+AA57+AB57+AC57+AD57+AE57+AF57 -> 0 | AL57: =AH57+AI57 -> 0 | AM57: =AJ57+AK57 -> 0 | AN57: =_xlfn.XLOOKUP(A57,'[1]31'!$A:$A,'[1]31'!$AR:$AR) -> 90 | AP57: =AO57+AN57 -> 90 | AQ57: =AP57-AR57 -> 40 | AR57: 50 | AS57: =SUM(AQ57/D57,0) -> 10.526316 | AT57: 260 | AU57: =AT57-AR57 -> 210
A58: ='ENTRY SHEET'!F58 -> OD09K-2512 W.TANKER | B58: =_xlfn.XLOOKUP(A58,'[1]31'!$A:$A,'[1]31'!$C:$C) -> 3015 | C58: 3020.2 | D58: =C58-B58 -> 5.2 | E58: 12 | G58: =D58-H58-I58 -> 5.2 | Q58: =F58+G58+H58+I58+J58+K58+L58+M58+N58+O58+P58 -> 5.2 | R58: 44057.7 | S58: 44112.3 | T58: =S58-R58 -> 54.6 | U58: 6 | Y58: =X58+W58+V58+U58 -> 6 | AG58: =Z58+AA58+AB58+AC58+AD58+AE58+AF58 -> 0 | AL58: =AH58+AI58 -> 0 | AM58: =AJ58+AK58 -> 0 | AN58: =_xlfn.XLOOKUP(A58,'[1]31'!$A:$A,'[1]31'!$AR:$AR) -> 100 | AP58: =AO58+AN58 -> 100 | AQ58: =AP58-AR58 -> 30 | AR58: 70 | AS58: =SUM(AQ58/D58,0) -> 5.7692308 | AT58: 250 | AU58: =AT58-AR58 -> 180
A59: ='ENTRY SHEET'!F59 -> 0 | B59: =_xlfn.XLOOKUP(A59,'[1]31'!$A:$A,'[1]31'!$C:$C) -> 0 | D59: =C59-B59 -> 0 | E59: 12 | G59: =D59-H59-I59 -> 0 | Q59: =F59+G59+H59+I59+J59+K59+L59+M59+N59+O59+P59 -> 0 | R59: =_xlfn.XLOOKUP(A59,'[1]31'!$A:$A,'[1]31'!$S:$S) -> 0 | T59: =S59-R59 -> 0 | Y59: =X59+W59+V59+U59 -> 0 | AG59: =Z59+AA59+AB59+AC59+AD59+AE59+AF59 -> 0 | AL59: =AH59+AI59 -> 0 | AM59: =AJ59+AK59 -> 0 | AN59: =_xlfn.XLOOKUP(A59,'[1]31'!$A:$A,'[1]31'!$AR:$AR) -> 0 | AP59: =AO59+AN59 -> 0 | AQ59: =AP59-AR59 -> 0 | AS59: =SUM(AQ59/D59,0) -> #DIV/0! | AU59: =AT59-AR59 -> 0
A60: ='ENTRY SHEET'!F60 -> DILLING DETALIS | B60: =_xlfn.XLOOKUP(A60,'[1]31'!$A:$A,'[1]31'!$C:$C) -> 0 | C60: CMR | D60: TOTAL HOURS | E60: PLAN HRS | F60: Breakfast & Lunch hrs | G60: MINES RHS | H60: REHANDLING HRS | I60: SHIFTING HRS | J60: CRUSHER HRS | K60: SCREEN PLANT | L60: LOKO TRACK | M60: IDEL HRS | N60: BREAKDOWN HRS | O60: Marching HRS | P60: Mining Development hrs | Q60: TOTAL HRS | R60: MTRS | S60: HOLE | T60: HARD MTRS | U60: BHQ MTRS | V60: NORMAL | W60: TOTAL MTRS | AG60: =Z60+AA60+AB60+AC60+AD60+AE60+AF60 -> 0 | AN60: =_xlfn.XLOOKUP(A60,'[1]31'!$A:$A,'[1]31'!$AR:$AR) -> 0
A61: ='ENTRY SHEET'!F61 -> DRILL-ELGI-650 | B61: =_xlfn.XLOOKUP(A61,'[1]31'!$A:$A,'[1]31'!$C:$C) -> 764.9 | C61: 767.4 | D61: =C61-B61 -> 2.5 | E61: 12 | Q61: =F61+G61+H61+I61+J61+K61+L61+M61+N61+O61+P61 -> 0 | R61: 41.8 | S61: 11 | U61: 41.8 | W61: =+T61+U61+V61 -> 41.8 | Y61: =X61+W61+V61+U61 -> 83.6 | AG61: =Z61+AA61+AB61+AC61+AD61+AE61+AF61 -> 0 | AN61: =_xlfn.XLOOKUP(A61,'[1]31'!$A:$A,'[1]31'!$AR:$AR) -> 0 | AP61: =AO61+AN61 -> 0 | AQ61: =AP61-AR61 -> 0 | AS61: =SUM(AQ61/D61,0) -> 0 | AT61: 400 | AU61: =AT61-AR61 -> 400
A62: ='ENTRY SHEET'!F62 -> JRD-600+CD-360 | B62: =_xlfn.XLOOKUP(A62,'[1]31'!$A:$A,'[1]31'!$C:$C) -> 321.2 | C62: 329.1 | D62: =C62-B62 -> 7.9 | E62: 12 | Q62: =F62+G62+H62+I62+J62+K62+L62+M62+N62+O62+P62 -> 0 | R62: 131.1 | S62: 21 | U62: 131.1 | W62: =+T62+U62+V62 -> 131.1 | AG62: =Z62+AA62+AB62+AC62+AD62+AE62+AF62 -> 0 | AN62: =_xlfn.XLOOKUP(A62,'[1]31'!$A:$A,'[1]31'!$AR:$AR) -> 0 | AO62: 270 | AP62: =AO62+AN62 -> 270 | AQ62: =AP62-AR62 -> 270 | AR62: 0 | AS62: =SUM(AQ62/D62,0) -> 34.177215 | AT62: 400 | AU62: =AT62-AR62 -> 400
A63: ='ENTRY SHEET'!F63 -> JRD-450+650-1 | B63: =_xlfn.XLOOKUP(A63,'[1]31'!$A:$A,'[1]31'!$C:$C) -> 8177.9 | C63: 8179.9 | D63: =C63-B63 -> 2 | E63: 12 | Q63: =F63+G63+H63+I63+J63+K63+L63+M63+N63+O63+P63 -> 0 | R63: 39.6 | S63: 6 | U63: 39.6 | W63: =+T63+U63+V63 -> 39.6 | AG63: =Z63+AA63+AB63+AC63+AD63+AE63+AF63 -> 0 | AN63: =_xlfn.XLOOKUP(A63,'[1]31'!$A:$A,'[1]31'!$AR:$AR) -> 0 | AO63: 144 | AP63: =AO63+AN63 -> 144 | AQ63: =AP63-AR63 -> 144 | AR63: 0 | AS63: =SUM(AQ63/D63,0) -> 72 | AT63: 400 | AU63: =AT63-AR63 -> 400
A64: ='ENTRY SHEET'!F64 -> 0 | B64: =_xlfn.XLOOKUP(A64,'[1]31'!$A:$A,'[1]31'!$C:$C) -> 0 | D64: =C64-B64 -> 0 | E64: 12 | Q64: =F64+G64+H64+I64+J64+K64+L64+M64+N64+O64+P64 -> 0 | AG64: =Z64+AA64+AB64+AC64+AD64+AE64+AF64 -> 0 | AN64: =_xlfn.XLOOKUP(A64,'[1]31'!$A:$A,'[1]31'!$AR:$AR) -> 0 | AP64: =AO64+AN64 -> 0 | AQ64: =AP64-AR64 -> 0 | AS64: =SUM(AQ64/D64,0) -> #DIV/0! | AT64: 400 | AU64: =AT64-AR64 -> 400
A65: ='ENTRY SHEET'!F65 -> CRUSHER DETAILS | B65: OMR | C65: CMR | D65: TOTAL HOURS | E65: PLAN HRS | F65: Breakfast & Lunch hrs | G65: MINES RHS | H65: REHANDLING HRS | I65: SHIFTING HRS | J65: CRUSHER HRS | K65: SCREEN PLANT | L65: LOKO TRACK | M65: IDEL HRS | N65: BREAKDOWN HRS | O65: Marching HRS | P65: Mining Development hrs | Q65: TOTAL HRS | R65: TOTAL MT | S65: CLO (Approximately) | T65: Fines (Approximately) | U65: Received(ROM) | V65: Received(Blue Dust) | W65: SCREEN TO CRUSHER | Y65: Total Received Trips | Z65: ROM TRIP | AA65: 10\40 TRIP | AB65: FINES TRIP | AC65: LR TRIP | AD65: SUBGRADE TO CRUSHER | AE65: SCREEN TO CRUSHER | AF65: OB TRIPS | AG65: REHANDLING TRIP | AH65: 10\40 TRIP | AI65: FINES TRIP | AJ65: 10\40 MT | AK65: FINES MT | AL65: TOTAL SIFTING TRIP | AM65: TOTAL SIFTING TONES | AN65: =_xlfn.XLOOKUP(A65,'[1]31'!$A:$A,'[1]31'!$AR:$AR) -> 0 | AP65: =AO65+AN65 -> 0 | AQ65: =AP65-AR65 -> 0
A66: ='ENTRY SHEET'!F66 -> CRUSHER(FEEDER) | B66: =_xlfn.XLOOKUP(A66,'[1]31'!$A:$A,'[1]31'!$C:$C) -> 1648.76 | C66: 1655.68 | D66: =C66-B66 -> 6.92 | E66: 16 | J66: =D66-G66-H66-I66-K66-L66-O66-P66-F66-M66-N66 -> 6.92 | Q66: =F66+G66+H66+I66+J66+K66+L66+M66+N66+O66+P66 -> 6.92 | R66: 1200 | S66: 600 | T66: 600 | Y66: =U66+V66+W66+X66 -> 0 | AG66: =Z66+AA66+AB66+AC66+AD66+AE66+AF66 -> 0 | AN66: =_xlfn.XLOOKUP(A66,'[1]31'!$A:$A,'[1]31'!$AR:$AR) -> 0 | AP66: =AO66+AN66 -> 0 | AQ66: =AP66-AR66 -> 0 | AS66: =SUM(AQ66/D66,0) -> 0 | AT66: 0 | AU66: =AT66-AR66 -> 0 | AW66: =ROUNDUP(I66*AS66,0) -> 0 | AX66: =ROUNDUP(H66*AS66,0) -> 0 | AY66: =ROUNDUP(J66*AS66,0) -> 0 | BB66: =AQ66-AW66-AX66-AY66 -> 0
A67: ='ENTRY SHEET'!F67 -> CRUSHER ( JAW ) | B67: =_xlfn.XLOOKUP(A67,'[1]31'!$A:$A,'[1]31'!$C:$C) -> 13419 | C67: 13426 | D67: =C67-B67 -> 7 | E67: 16 | J67: =D67-G67-H67-I67-K67-L67-O67-P67-F67-M67-N67 -> 7 | Q67: =F67+G67+H67+I67+J67+K67+L67+M67+N67+O67+P67 -> 7 | Y67: =U67+V67+W67+X67 -> 0 | AG67: =Z67+AA67+AB67+AC67+AD67+AE67+AF67 -> 0 | AN67: =_xlfn.XLOOKUP(A67,'[1]31'!$A:$A,'[1]31'!$AR:$AR) -> 0 | AP67: =AO67+AN67 -> 0 | AQ67: =AP67-AR67 -> 0 | AS67: =SUM(AQ67/D67,0) -> 0 | AT67: 0 | AU67: =AT67-AR67 -> 0 | AW67: =ROUNDUP(I67*AS67,0) -> 0 | AX67: =ROUNDUP(H67*AS67,0) -> 0 | AY67: =ROUNDUP(J67*AS67,0) -> 0 | BB67: =AQ67-AW67-AX67-AY67 -> 0
A68: ='ENTRY SHEET'!F68 -> CRUSHER ( CONE ) | B68: =_xlfn.XLOOKUP(A68,'[1]31'!$A:$A,'[1]31'!$C:$C) -> 13490 | C68: 13497 | D68: =C68-B68 -> 7 | E68: 16 | J68: =D68-G68-H68-I68-K68-L68-O68-P68-F68-M68-N68 -> 7 | Q68: =F68+G68+H68+I68+J68+K68+L68+M68+N68+O68+P68 -> 7 | Y68: =U68+V68+W68+X68 -> 0 | AG68: =Z68+AA68+AB68+AC68+AD68+AE68+AF68 -> 0 | AN68: =_xlfn.XLOOKUP(A68,'[1]31'!$A:$A,'[1]31'!$AR:$AR) -> 0 | AP68: =AO68+AN68 -> 0 | AQ68: =AP68-AR68 -> 0 | AS68: =SUM(AQ68/D68,0) -> 0 | AT68: 0 | AU68: =AT68-AR68 -> 0 | AW68: =ROUNDUP(I68*AS68,0) -> 0 | AX68: =ROUNDUP(H68*AS68,0) -> 0 | AY68: =ROUNDUP(J68*AS68,0) -> 0 | BB68: =AQ68-AW68-AX68-AY68 -> 0
A69: ='ENTRY SHEET'!F69 -> CRUSHER DG | B69: =_xlfn.XLOOKUP(A69,'[1]31'!$A:$A,'[1]31'!$C:$C) -> 17178.41 | C69: 17180.14 | D69: =C69-B69 -> 1.73 | E69: 16 | J69: =D69-G69-H69-I69-K69-L69-O69-P69-F69-M69-N69 -> 1.73 | Q69: =F69+G69+H69+I69+J69+K69+L69+M69+N69+O69+P69 -> 1.73 | Y69: =U69+V69+W69+X69 -> 0 | AG69: =Z69+AA69+AB69+AC69+AD69+AE69+AF69 -> 0 | AL69: =AH69+AI69 -> 0 | AM69: =AJ69+AK69 -> 0 | AN69: =_xlfn.XLOOKUP(A69,'[1]31'!$A:$A,'[1]31'!$AR:$AR) -> 585 | AP69: =AO69+AN69 -> 585 | AQ69: =AP69-AR69 -> 52 | AR69: 533 | AS69: =SUM(AQ69/D69,0) -> 30.057803 | AT69: 1000 | AU69: =AT69-AR69 -> 467 | AW69: =ROUNDUP(I69*AS69,0) -> 0 | AX69: =ROUNDUP(H69*AS69,0) -> 0 | AY69: =ROUNDUP(J69*AS69,0) -> 52 | BB69: =AQ69-AW69-AX69-AY69 -> 0
A70: ='ENTRY SHEET'!F70 -> KAMASTU-210 | B70: =_xlfn.XLOOKUP(A70,'[1]31'!$A:$A,'[1]31'!$C:$C) -> 25775.6 | C70: 25783.4 | D70: =C70-B70 -> 7.8 | E70: 16 | J70: =D70-G70-H70-I70-K70-L70-O70-P70-F70-M70-N70 -> 7.8 | Q70: =F70+G70+H70+I70+J70+K70+L70+M70+N70+O70+P70 -> 7.8 | Y70: =U70+V70+W70+X70 -> 0 | AG70: =Z70+AA70+AB70+AC70+AD70+AE70+AF70 -> 0 | AL70: =AH70+AI70 -> 0 | AM70: =AJ70+AK70 -> 0 | AN70: =_xlfn.XLOOKUP(A70,'[1]31'!$A:$A,'[1]31'!$AR:$AR) -> 380 | AP70: =AO70+AN70 -> 380 | AQ70: =AP70-AR70 -> 120 | AR70: 260 | AS70: =SUM(AQ70/D70,0) -> 15.384615 | AT70: 340 | AU70: =AT70-AR70 -> 80 | AW70: =ROUNDUP(I70*AS70,0) -> 0 | AX70: =ROUNDUP(H70*AS70,0) -> 0 | AY70: =ROUNDUP(J70*AS70,0) -> 120 | BC70: 64
A71: ='ENTRY SHEET'!F71 -> JCB-8262 LOADER | B71: =_xlfn.XLOOKUP(A71,'[1]31'!$A:$A,'[1]31'!$C:$C) -> 15977.3 | C71: 15989.5 | D71: =C71-B71 -> 12.2 | E71: 16 | H71: 2.7 | I71: 6.2 | J71: =D71-G71-H71-I71-K71-L71-O71-P71-F71-M71-N71 -> 3.3 | Q71: =F71+G71+H71+I71+J71+K71+L71+M71+N71+O71+P71 -> 12.2 | Y71: =U71+V71+W71+X71 -> 0 | AB71: 10 | AG71: =Z71+AA71+AB71+AC71+AD71+AE71+AF71 -> 10 | AH71: 30 | AJ71: 915.27 | AL71: =AH71+AI71 -> 30 | AM71: =AJ71+AK71 -> 915.27 | AN71: =_xlfn.XLOOKUP(A71,'[1]31'!$A:$A,'[1]31'!$AR:$AR) -> 110 | AO71: 184 | AP71: =AO71+AN71 -> 294 | AQ71: =AP71-AR71 -> 214 | AR71: 80 | AS71: =SUM(AQ71/D71,0) -> 17.540984 | AT71: 210 | AU71: =AT71-AR71 -> 130 | AW71: =ROUNDUP(I71*AS71,0) -> 109 | AX71: =ROUNDUP(H71*AS71,0) -> 48 | AY71: =ROUNDUP(J71*AS71,0) -> 58 | BB71: =AQ71-AW71-AX71-AY71 -> -1
A72: ='ENTRY SHEET'!F72 -> OD09C-5609 JCB | B72: =_xlfn.XLOOKUP(A72,'[1]31'!$A:$A,'[1]31'!$C:$C) -> 16595.5 | C72: 16595.5 | D72: =C72-B72 -> 0 | E72: 16 | J72: =D72-G72-H72-I72-K72-L72-O72-P72-F72-M72-N72 -> 0 | Q72: =F72+G72+H72+I72+J72+K72+L72+M72+N72+O72+P72 -> 0 | Y72: =U72+V72+W72+X72 -> 0 | AG72: =Z72+AA72+AB72+AC72+AD72+AE72+AF72 -> 0 | AL72: =AH72+AI72 -> 0 | AM72: =AJ72+AK72 -> 0 | AN72: =_xlfn.XLOOKUP(A72,'[1]31'!$A:$A,'[1]31'!$AR:$AR) -> 165 | AP72: =AO72+AN72 -> 165 | AQ72: =AP72-AR72 -> 0 | AR72: 165 | AS72: =AQ72/D72 -> #DIV/0! | AT72: 210 | AU72: =AT72-AR72 -> 45 | AW72: =ROUNDUP(I72*AS72,0) -> #DIV/0! | AX72: =ROUNDUP(H72*AS72,0) -> #DIV/0! | AY72: =ROUNDUP(J72*AS72,0) -> #DIV/0! | BB72: =AQ72-AW72-AX72-AY72 -> #DIV/0!
A73: ='ENTRY SHEET'!F73 -> TATA LOADER-OD02AY-0516 | B73: =_xlfn.XLOOKUP(A73,'[1]31'!$A:$A,'[1]31'!$C:$C) -> 15507.7 | C73: 15507.7 | D73: =C73-B73 -> 0 | E73: 16 | J73: =D73-G73-H73-I73-K73-L73-O73-P73-F73-M73-N73 -> 0 | Q73: =F73+G73+H73+I73+J73+K73+L73+M73+N73+O73+P73 -> 0 | Y73: =U73+V73+W73+X73 -> 0 | AG73: =Z73+AA73+AB73+AC73+AD73+AE73+AF73 -> 0 | AL73: =AH73+AI73 -> 0 | AM73: =AJ73+AK73 -> 0 | AN73: =_xlfn.XLOOKUP(A73,'[1]31'!$A:$A,'[1]31'!$AR:$AR) -> 100 | AP73: =AO73+AN73 -> 100 | AQ73: =AP73-AR73 -> 0 | AR73: 100 | AS73: =AQ73/D73 -> #DIV/0! | AT73: 0 | AU73: =AT73-AR73 -> -100
A74: ='ENTRY SHEET'!F74 -> POWER SCREEN DETAILS | B74: OMR | C74: CMR | D74: TOTAL HOURS | E74: PLAN HRS | F74: Breakfast & Lunch hrs | G74: MINES RHS | H74: REHANDLING HRS | I74: SHIFTING HRS | J74: CRUSHER HRS | K74: SCREEN PLANT | L74: LOKO TRACK | M74: IDEL HRS | N74: BREAKDOWN HRS | O74: Marching HRS | P74: Mining Development hrs | Q74: TOTAL HRS | R74: TOTAL MT | S74: CLO(Approximately) | T74: Fines(Approx) | U74: Received(ROM) | V74: Received(Blue Dust) | Y74: Total Received Trips | Z74: ROM TRIP | AA74: 10\40 TRIP | AB74: FINES TRIP | AC74: LR TRIP | AD74: SUBGRADE TO CRUSHER | AE74: SCREEN TO CRUSHER | AF74: OB TRIPS | AG74: REHANDLING TRIP | AI74: FINES TRIP | AK74: FINES MT | AL74: TOTAL SIFTING TRIP | AM74: TOTAL SIFTING TONES | AN74: =_xlfn.XLOOKUP(A74,'[1]31'!$A:$A,'[1]31'!$AR:$AR) -> 0 | AW74: 0 | AX74: 0 | AY74: 0 | BB74: =AQ74-AW74-AX74-AY74 -> 0
A75: ='ENTRY SHEET'!F75 -> POWER SCREEN RHS | B75: =_xlfn.XLOOKUP(A75,'[1]31'!$A:$A,'[1]31'!$C:$C) -> 4403.2 | C75: 4403.2 | D75: =C75-B75 -> 0 | E75: 12 | K75: =D75-G75-H75-I75-J75-L75-M75-N75-O75-P75-F75 -> 0 | Q75: =F75+G75+H75+I75+J75+K75+L75+M75+N75+O75+P75 -> 0 | Y75: =X75+W75+V75+U75 -> 0 | AG75: =Z75+AA75+AB75+AC75+AD75+AE75+AF75 -> 0 | AL75: =AH75+AI75 -> 0 | AM75: =AJ75+AK75 -> 0 | AN75: =_xlfn.XLOOKUP(A75,'[1]31'!$A:$A,'[1]31'!$AR:$AR) -> 271 | AP75: =AO75+AN75 -> 271 | AQ75: =AP75-AR75 -> 0 | AR75: 271 | AS75: =AQ75/D75 -> #DIV/0! | AT75: 0 | AU75: =AT75-AR75 -> -271 | AW75: =ROUNDUP(I75*AS75,0) -> #DIV/0! | AX75: =ROUNDUP(H75*AS75,0) -> #DIV/0! | AY75: =ROUNDUP(J75*AS75,0) -> #DIV/0! | BC75: =AP75 -> 271
A76: ='ENTRY SHEET'!F76 -> HITACHI-120 | B76: =_xlfn.XLOOKUP(A76,'[1]31'!$A:$A,'[1]31'!$C:$C) -> 13058.2 | C76: 13060 | D76: =C76-B76 -> 1.8 | E76: 12 | H76: 1.8 | K76: 0 | Q76: =F76+G76+H76+I76+J76+K76+L76+M76+N76 -> 1.8 | Y76: =X76+W76+V76+U76 -> 0 | Z76: 8 | AG76: =Z76+AA76+AB76+AC76+AD76+AE76+AF76 -> 8 | AL76: =AH76+AI76 -> 0 | AM76: =AJ76+AK76 -> 0 | AN76: =_xlfn.XLOOKUP(A76,'[1]31'!$A:$A,'[1]31'!$AR:$AR) -> 215 | AP76: =AO76+AN76 -> 215 | AQ76: =AP76-AR76 -> 45 | AR76: 170 | AS76: =AQ76/D76 -> 25 | AT76: 700 | AU76: =AT76-AR76 -> 530 | AW76: =ROUNDUP(I76*AS76,0) -> 0 | AX76: =ROUNDUP(H76*AS76,0) -> 46 | AY76: =ROUNDUP(J76*AS76,0) -> 0 | BB76: =AQ76-AW76-AX76-AY76 -> -1
A77: ='ENTRY SHEET'!F77 -> L-6268 SDLG | B77: 0 | D77: =C77-B77 -> 0 | K77: =D77-G77-H77-I77-J77-L77-M77-N77-O77-P77-F77 -> 0 | Q77: =F77+G77+H77+I77+J77+K77+L77+M77+N77 -> 0 | Y77: =X77+W77+V77+U77 -> 0 | AG77: =Z77+AA77+AB77+AC77+AD77+AE77+AF77 -> 0 | AL77: =AH77+AI77 -> 0 | AM77: =AJ77+AK77 -> 0 | AN77: 0 | AP77: =AO77+AN77 -> 0 | AQ77: =AP77-AR77 -> 0 | AS77: =AQ77/D77 -> #DIV/0! | AU77: =AT77-AR77 -> 0
A78: ='ENTRY SHEET'!F78 -> VICHELE NO. | B78: OMR | C78: CMR | D78: TOTAL HOURS | E78: PLAN HRS | F78: Breakfast & Lunch hrs | G78: MINES RHS | H78: REHANDLING HRS | I78: SHIFTING HRS | J78: CRUSHER HRS | K78: SCREEN PLANT | L78: LOKO TRACK | M78: IDEL HRS | N78: BREAKDOWN HRS | O78: Marching HRS | P78: Mining Development hrs | Q78: TOTAL HRS | R78: TOTAL MT (Approx) | S78: Fines(Approx-60%) | T78: 5*18 (Approx_30%) | U78: Received(ROM) | V78: Received(Blue Dust) | W78: SUBGRADE TO CRUSHER | Y78: Total Received Trips | Z78: ROM TRIP | AA78: 10\40 TRIP | AB78: FINES TRIP | AC78: LR TRIP | AD78: Oversize screen to crusher | AG78: #VALUE! | AH78: 10\40 TRIP | AI78: FINES TRIP | AJ78: 10\40 MT | AK78: FINES MT | AL78: TOTAL SIFTING TRIP | AM78: TOTAL SIFTING TONES | AP78: =AO78+AN78 -> 0 | AQ78: =AP78-AR78 -> 0 | AW78: 0 | AX78: 0 | AY78: 0 | BB78: 0
A79: ='ENTRY SHEET'!F79 -> LOKO TRACK JAW | B79: =_xlfn.XLOOKUP(A79,'[1]31'!$A:$A,'[1]31'!$C:$C) -> 16144 | C79: 16147 | D79: =C79-B79 -> 3 | E79: 12 | L79: =D79-F79-G79-H79-I79-J79-K79-M79-N79-O79-P79 -> 3 | Q79: =G79+H79+I79+J79+K79+L79+M79+N79+O79+P79 -> 3 | Y79: =+U79+V79+W79 -> 0 | AG79: 0 | AL79: 0 | AM79: 0 | AN79: =_xlfn.XLOOKUP(A79,'[1]31'!$A:$A,'[1]31'!$AR:$AR) -> 470 | AP79: =AO79+AN79 -> 470 | AQ79: =AP79-AR79 -> 40 | AR79: 430 | AS79: #DIV/0! | AT79: 0 | AU79: 0 | AW79: 0 | AX79: 0 | AY79: 0 | AZ79: 0 | BA79: 0 | BB79: 0
A80: ='ENTRY SHEET'!F80 -> LOKO CONE | B80: =_xlfn.XLOOKUP(A80,'[1]31'!$A:$A,'[1]31'!$C:$C) -> 16722 | C80: 16727 | D80: =C80-B80 -> 5 | E80: 12 | L80: =D80-F80-G80-H80-I80-J80-K80-M80-N80-O80-P80 -> 5 | Q80: =G80+H80+I80+J80+K80+L80+M80+N80+O80+P80 -> 5 | R80: 150 | S80: 80 | T80: 70 | Y80: =+U80+V80+W80 -> 0 | AG80: 0 | AL80: 0 | AM80: 0 | AN80: =_xlfn.XLOOKUP(A80,'[1]31'!$A:$A,'[1]31'!$AR:$AR) -> 770 | AP80: =AO80+AN80 -> 770 | AQ80: =AP80-AR80 -> 70 | AR80: 700 | AS80: #DIV/0! | AT80: 0 | AU80: 0 | AW80: 0 | AX80: 0 | AY80: 0 | AZ80: 0 | BB80: 0
A81: ='ENTRY SHEET'!F81 -> KOMASTU-200 | B81: =_xlfn.XLOOKUP(A81,'[1]31'!$A:$A,'[1]31'!$C:$C) -> 3346.1 | C81: 3349.2 | D81: =C81-B81 -> 3.1 | E81: 12 | L81: =D81-F81-G81-H81-I81-J81-K81-M81-N81-O81-P81 -> 3.1 | Q81: =G81+H81+I81+J81+K81+L81+M81+N81+O81+P81 -> 3.1 | Y81: =+U81+V81+W81 -> 0 | AG81: 0 | AL81: 0 | AM81: 0 | AN81: =_xlfn.XLOOKUP(A81,'[1]31'!$A:$A,'[1]31'!$AR:$AR) -> 300 | AP81: =AO81+AN81 -> 300 | AQ81: =AP81-AR81 -> 25 | AR81: 275 | AS81: #DIV/0! | AT81: 0 | AU81: 0 | AW81: 0 | AX81: 0 | AY81: 0 | BB81: 0
A82: ='ENTRY SHEET'!F82 -> 0 | B82: =_xlfn.XLOOKUP(A82,'[1]31'!$A:$A,'[1]31'!$C:$C) -> 0 | D82: =C82-B82 -> 0 | E82: 12 | L82: =D82-F82-G82-H82-I82-J82-K82-M82-N82-O82-P82 -> 0 | Q82: =G82+H82+I82+J82+K82+L82+M82+N82+O82+P82 -> 0 | Y82: =+U82+V82+W82 -> 0 | AG82: 0 | AL82: 0 | AM82: 0 | AN82: =_xlfn.XLOOKUP(A82,'[1]31'!$A:$A,'[1]31'!$AR:$AR) -> 0 | AP82: =AO82+AN82 -> 0 | AQ82: =AP82-AR82 -> 0 | AS82: #DIV/0! | AT82: 0 | AU82: 0 | AW82: 0 | AX82: 0 | AY82: 0 | BB82: 0
A83: ='ENTRY SHEET'!F83 -> 0 | B83: =_xlfn.XLOOKUP(A83,'[1]31'!$A:$A,'[1]31'!$C:$C) -> 0 | D83: =C83-B83 -> 0 | E83: 12 | L83: =D83-F83-G83-H83-I83-J83-K83-M83-N83-O83-P83 -> 0 | Q83: =G83+H83+I83+J83+K83+L83+M83+N83+O83+P83 -> 0 | Y83: =+U83+V83+W83 -> 0 | AN83: =_xlfn.XLOOKUP(A83,'[1]31'!$A:$A,'[1]31'!$AR:$AR) -> 0 | AP83: =AO83+AN83 -> 0 | AQ83: =AP83-AR83 -> 0
A84: ='ENTRY SHEET'!F84 -> 0 | B84: =_xlfn.XLOOKUP(A84,'[1]31'!$A:$A,'[1]31'!$C:$C) -> 0 | D84: =C84-B84 -> 0 | E84: 12 | L84: =D84-F84-G84-H84-I84-J84-K84-M84-N84-O84-P84 -> 0 | Q84: =G84+H84+I84+J84+K84+L84+M84+N84+O84+P84 -> 0 | Y84: =+U84+V84+W84 -> 0 | AN84: =_xlfn.XLOOKUP(A84,'[1]31'!$A:$A,'[1]31'!$AR:$AR) -> 0 | AP84: =AO84+AN84 -> 0 | AQ84: =AP84-AR84 -> 0
A85: ='ENTRY SHEET'!F85 -> OD09P-2986 (CAMPAR) | B85: =_xlfn.XLOOKUP(A85,'[1]31'!$A:$A,'[1]31'!$C:$C) -> 0 | D85: =C85-B85 -> 0 | AN85: =_xlfn.XLOOKUP(A85,'[1]31'!$A:$A,'[1]31'!$AR:$AR) -> 0 | AP85: =AO85+AN85 -> 0 | AQ85: =AP85-AR85 -> 0 | AS85: =AQ85/D85 -> #DIV/0! | AT85: 60
A86: ='ENTRY SHEET'!F86 -> JH06P-6214 SCORPIO | B86: =_xlfn.XLOOKUP(A86,'[1]31'!$A:$A,'[1]31'!$C:$C) -> 0 | D86: =C86-B86 -> 0 | Q86: =F86+G86+H86+I86+J86+K86+L86-E86 -> 0 | Y86: =X86+W86+V86+U86 -> 0 | AN86: =_xlfn.XLOOKUP(A86,'[1]31'!$A:$A,'[1]31'!$AR:$AR) -> 0 | AO86: 38 | AP86: =AO86+AN86 -> 38 | AQ86: =AP86-AR86 -> 8 | AR86: 30 | AS86: =AQ86/D86 -> #DIV/0! | AT86: 80 | AU86: =AT86-AR86 -> 50 | AW86: 0 | AX86: 0 | AY86: 0 | BB86: =AQ86-AW86-AX86-AY86 -> 8
A87: ='ENTRY SHEET'!F87 -> OD09K-7213 BSM BUS | B87: =_xlfn.XLOOKUP(A87,'[1]31'!$A:$A,'[1]31'!$C:$C) -> 0 | D87: =C87-B87 -> 0 | Q87: =F87+G87+H87+I87+J87+K87+L87-E87 -> 0 | AN87: =_xlfn.XLOOKUP(A87,'[1]31'!$A:$A,'[1]31'!$AR:$AR) -> 100 | AP87: =AO87+AN87 -> 100 | AQ87: =AP87-AR87 -> 10 | AR87: 90 | AS87: =AQ87/D87 -> #DIV/0! | AT87: 60 | AU87: =AT87-AR87 -> -30 | AW87: 0 | AX87: 0 | AY87: 0 | BB87: =AQ87-AW87-AX87-AY87 -> 10
A88: ='ENTRY SHEET'!F88 -> OD09G-6065 CAMPER | B88: =_xlfn.XLOOKUP(A88,'[1]31'!$A:$A,'[1]31'!$C:$C) -> 165990 | C88: 166051 | D88: =C88-B88 -> 61 | Q88: =F88+G88+H88+I88+J88+K88+L88-E88 -> 0 | AN88: =_xlfn.XLOOKUP(A88,'[1]31'!$A:$A,'[1]31'!$AR:$AR) -> 0 | AO88: 53 | AP88: =AO88+AN88 -> 53 | AQ88: =AP88-AR88 -> 6 | AR88: 47 | AS88: =AQ88/D88 -> 0.098360656 | AT88: 120 | AU88: =AT88-AR88 -> 73 | AW88: 0 | AX88: 0 | AY88: 0 | BB88: =AQ88-AW88-AX88-AY88 -> 6
A89: ='ENTRY SHEET'!F89 -> OD09V-5619 TATA YODHA | B89: 0 | C89: 45558 | Q89: =F89+G89+H89+I89+J89+K89+L89-E89 -> 0 | AN89: 0 | AO89: 48 | AP89: =AO89+AN89 -> 48 | AQ89: =AP89-AR89 -> 8 | AR89: 40 | AS89: =AQ89/D89 -> #DIV/0! | AT89: 60 | AU89: =AT89-AR89 -> 20 | AW89: 0 | AX89: 0 | AY89: 0 | BB89: =AQ89-AW89-AX89-AY89 -> 8
A90: ='ENTRY SHEET'!F90 -> WATER PUMP | B90: =_xlfn.XLOOKUP(A90,'[1]31'!$A:$A,'[1]31'!$C:$C) -> 0 | D90: =C90-B90 -> 0 | Q90: =F90+G90+H90+I90+J90+K90+L90-E90 -> 0 | AN90: =_xlfn.XLOOKUP(A90,'[1]31'!$A:$A,'[1]31'!$AR:$AR) -> 0 | AP90: =AO90+AN90 -> 0 | AQ90: =AP90-AR90 -> 0 | AR90: 0 | AS90: =AQ90/D90 -> #DIV/0! | AU90: =AT90-AR90 -> 0 | AW90: 0 | AX90: 0 | AY90: 0 | BB90: =AQ90-AW90-AX90-AY90 -> 0
A91: ='ENTRY SHEET'!F91 -> JH06H-6198 D.TANKER | B91: =_xlfn.XLOOKUP(A91,'[1]31'!$A:$A,'[1]31'!$C:$C) -> 15468 | C91: 15472 | D91: =C91-B91 -> 4 | Q91: =F91+G91+H91+I91+J91+K91+L91-E91 -> 0 | AN91: =_xlfn.XLOOKUP(A91,'[1]31'!$A:$A,'[1]31'!$AR:$AR) -> 60 | AO91: 50 | AP91: =AO91+AN91 -> 110 | AQ91: =AP91-AR91 -> 30 | AR91: 80 | AS91: =AQ91/D91 -> 7.5 | AU91: =AT91-AR91 -> -80 | AW91: 0 | AX91: 0 | AY91: 0 | BB91: =AQ91-AW91-AX91-AY91 -> 30
A92: ='ENTRY SHEET'!F92 -> OMC DG (NIGHT USE) | B92: =_xlfn.XLOOKUP(A92,'[1]31'!$A:$A,'[1]31'!$C:$C) -> 0 | D92: =C92-B92 -> 0 | Q92: =F92+G92+H92+I92+J92+K92+L92-E92 -> 0 | AN92: =_xlfn.XLOOKUP(A92,'[1]31'!$A:$A,'[1]31'!$AR:$AR) -> 0 | AP92: =AO92+AN92 -> 0 | AQ92: =AP92-AR92 -> 0 | AS92: =AQ92/D92 -> #DIV/0! | AU92: =AT92-AR92 -> 0 | AW92: 0 | AX92: 0 | AY92: 0 | BB92: =AQ92-AW92-AX92-AY92 -> 0
A93: ='ENTRY SHEET'!F93 -> HYDRA CRANE-1686 | D93: =C93-B93 -> 0 | Q93: =F93+G93+H93+I93+J93+K93+L93-E93 -> 0 | AP93: =AO93+AN93 -> 0 | AQ93: =AP93-AR93 -> 0 | AS93: =AQ93/D93 -> #DIV/0! | AU93: =AT93-AR93 -> 0 | AW93: =ROUNDUP(I93*AS93,0) -> #DIV/0! | AX93: =ROUNDUP(H93*AS93,0) -> #DIV/0! | AY93: =ROUNDUP(J93*AS93,0) -> #DIV/0! | BB93: =AQ93-AW93-AX93-AY93 -> #DIV/0!
A94: ='ENTRY SHEET'!F94 -> 0 | D94: =C94-B94 -> 0 | Q94: =F94+G94+H94+I94+J94+K94+L94-E94 -> 0 | AP94: =AO94+AN94 -> 0 | AQ94: =AP94-AR94 -> 0 | AS94: =AQ94/D94 -> #DIV/0! | AU94: =AT94-AR94 -> 0 | AW94: 0 | AX94: 0 | AY94: 0 | AZ94: 0 | BA94: 0 | BB94: =AQ94-AW94-AX94-AY94 -> 0
A95: ='ENTRY SHEET'!F95 -> 0 | D95: =C95-B95 -> 0 | AP95: =AO95+AN95 -> 0 | AQ95: =AP95-AR95 -> 0 | AS95: =AQ95/D95 -> #DIV/0! | AU95: =AT95-AR95 -> 0 | AW95: 0 | AX95: 0 | AY95: 0 | AZ95: 0 | BA95: 0 | BB95: =AQ95-AW95-AX95-AY95 -> 0
A96: ='ENTRY SHEET'!F96 -> 0 | D96: =C96-B96 -> 0 | AP96: =AO96+AN96 -> 0 | AQ96: =AP96-AR96 -> 0 | AS96: =AQ96/D96 -> #DIV/0! | AU96: =AT96-AR96 -> 0 | AW96: 0 | AX96: 0 | AY96: 0 | AZ96: 0 | BA96: 0 | BB96: =AQ96-AW96-AX96-AY96 -> 0
A97: ='ENTRY SHEET'!F97 -> 0 | D97: =C97-B97 -> 0 | T97: =S97-R97 -> 0 | AP97: =AO97+AN97 -> 0 | AQ97: =AP97-AR97 -> 0 | AS97: =AQ97/D97 -> #DIV/0! | AU97: =AT97-AR97 -> 0 | AW97: 0 | AX97: 0 | AY97: 0 | AZ97: 0 | BA97: 0 | BB97: =AQ97-AW97-AX97-AY97 -> 0
A98: ='ENTRY SHEET'!F98 -> 0 | D98: =C98-B98 -> 0 | AP98: =AO98+AN98 -> 0 | AQ98: =AP98-AR98 -> 0 | AS98: =AQ98/D98 -> #DIV/0! | AU98: =AT98-AR98 -> 0 | AW98: 0 | AX98: 0 | AY98: 0 | AZ98: 0 | BA98: 0 | BB98: =AQ98-AW98-AX98-AY98 -> 0
A99: ='ENTRY SHEET'!F99 -> 0 | D99: =C99-B99 -> 0 | AP99: =AO99+AN99 -> 0 | AQ99: =AP99-AR99 -> 0 | AS99: =AQ99/D99 -> #DIV/0! | AU99: =AT99-AR99 -> 0 | AW99: 0 | AX99: 0 | AY99: 0 | AZ99: 0 | BA99: 0 | BB99: =AQ99-AW99-AX99-AY99 -> 0
A100: ='ENTRY SHEET'!F100 -> 0 | D100: =C100-B100 -> 0 | AP100: =AO100+AN100 -> 0 | AQ100: =AP100-AR100 -> 0 | AS100: =AQ100/D100 -> #DIV/0! | AU100: =AT100-AR100 -> 0 | AW100: 0 | AX100: 0 | AY100: 0 | AZ100: 0 | BA100: 0 | BB100: =AQ100-AW100-AX100-AY100 -> 0
...

Sheet 02
A1: ='ENTRY SHEET'!G1 -> DAILY REPORT OF APRIL-2026
R2: DATE: | S2: ='01'!S2+1 -> 46114
B3: HOUR METER | R3: KILO METER | U3: MINES TRIPS | Z3: REHANDLING C.PLANT | AH3: SIFTING TRIP | AN3: H.S.D REPORT | AV3: REMARKS | AW3: HSD Consumption Details
A4: VICHELE NO. | B4: OMR | C4: CMR | D4: TOTAL HOURS | E4: PLAN HRS | F4: Breakfast & Lunch hrs | G4: MINES RHS | H4: REHANDLING HRS | I4: SHIFTING HRS | J4: CRUSHER HRS | K4: SCREEN PLANT | L4: LOKO TRACK | M4: BREAKING HRS | N4: BREAKDOWN HRS | O4: Marching HRS | P4: Mining Development hrs | Q4: TOTAL HRS | R4: OMR | S4: CMR | T4: TOTAL KM | U4: ROM TRIPS | V4: OB TRIPS | W4: S.ORE | X4: BD | Y4: TOTAL TRIPS | Z4: ROM TRIP | AA4: 10\40 TRIP | AB4: FINES TRIP | AC4: LR TRIP | AD4: SUBGRADE TO CRUSHER | AE4: SCREEN TO CRUSHER | AF4: OB TRIPS | AG4: REHANDLING TRIP | AH4: 10\40 TRIP | AI4: FINES TRIP | AJ4: 10\40 MT | AK4: FINES MT | AL4: TOTAL SIFTING TRIP | AM4: TOTAL SIFTING TONES | AN4: OPENING BALANCE | AO4: ISSUE H.S.D | AP4: TOTAL H.S.D | AQ4: Diesel Consumption | AR4: CLOSING BALANCE | AS4: PER HRS CONS. | AT4: Tank capacity | AU4: Tanking Full Required | AW4: SHIFTING | AX4: Rehandling | AY4: NW | AZ4: LOKA | BA4: BHP | BB4: MINES | BC4: POWER
A5: ='ENTRY SHEET'!F5 -> VOLVO 300-2 | B5: ='01'!C5 -> 21964.1 | C5: 21964.1 | D5: =C5-B5 -> 0 | E5: 12 | G5: =D5-H5-I5-J5-K5-L5-M5-N5-O5-P5 -> 0 | Q5: =F5+G5+H5+I5+J5+K5+L5+M5+N5+O5+P5 -> 0 | Y5: =X5+W5+V5+U5 -> 0 | AG5: =Z5+AA5+AB5+AC5+AD5+AE5+AF5 -> 0 | AL5: =AH5+AI5 -> 0 | AM5: =AJ5+AK5 -> 0 | AN5: ='01'!AR5 -> 350 | AP5: =AO5+AN5 -> 350 | AQ5: =AP5-AR5 -> 0 | AR5: 350 | AS5: =AQ5/D5 -> #DIV/0! | AT5: ='01'!AT5 -> 470 | AU5: =AT5-AR5 -> 120 | AW5: =ROUNDUP(I5*AS5,0) -> #DIV/0! | AX5: =ROUNDUP(H5*AS5,0) -> #DIV/0! | AY5: =ROUNDUP(J5*AS5,0) -> #DIV/0! | BB5: =AQ5-AW5-AX5-AY5 -> #DIV/0!
A6: ='ENTRY SHEET'!F6 -> VOLVO-300-7 | B6: ='01'!C6 -> 17654.6 | C6: 17663.6 | D6: =C6-B6 -> 9 | E6: 12 | G6: =D6-H6-I6-J6-K6-L6-M6-N6-O6-P6 -> 3.5 | H6: =60.1-54.6 -> 5.5 | Q6: =F6+G6+H6+I6+J6+K6+L6+M6+N6+O6+P6 -> 9 | V6: 29 | X6: 2 | Y6: =X6+W6+V6+U6 -> 31 | AD6: 60 | AG6: =Z6+AA6+AB6+AC6+AD6+AE6+AF6 -> 60 | AL6: =AH6+AI6 -> 0 | AM6: =AJ6+AK6 -> 0 | AN6: ='01'!AR6 -> 135 | AO6: 215 | AP6: =AO6+AN6 -> 350 | AQ6: =AP6-AR6 -> 160 | AR6: 190 | AS6: =AQ6/D6 -> 17.777778 | AT6: ='01'!AT6 -> 470 | AU6: =AT6-AR6 -> 280 | AW6: =ROUNDUP(I6*AS6,0) -> 0 | AX6: =ROUNDUP(H6*AS6,0) -> 98 | AY6: =ROUNDUP(J6*AS6,0) -> 0 | BB6: =AQ6-AW6-AX6-AY6 -> 62
A7: ='ENTRY SHEET'!F7 -> HITACHI-350 | B7: ='01'!C7 -> 15791.9 | C7: 15801.3 | D7: =C7-B7 -> 9.4 | E7: 12 | G7: =D7-H7-I7-J7-K7-L7-M7-N7-O7-P7 -> 4 | H7: =801.3-795.9 -> 5.4 | Q7: =F7+G7+H7+I7+J7+K7+L7+M7+N7+O7+P7 -> 9.4 | V7: 25 | Y7: =X7+W7+V7+U7 -> 25 | AD7: 40 | AG7: =Z7+AA7+AB7+AC7+AD7+AE7+AF7 -> 40 | AL7: =AH7+AI7 -> 0 | AM7: =AJ7+AK7 -> 0 | AN7: ='01'!AR7 -> 372 | AO7: 258 | AP7: =AO7+AN7 -> 630 | AQ7: =AP7-AR7 -> 282 | AR7: 348 | AS7: =AQ7/D7 -> 30 | AT7: ='01'!AT7 -> 630 | AU7: =AT7-AR7 -> 282 | AW7: =ROUNDUP(I7*AS7,0) -> 0 | AX7: =ROUNDUP(H7*AS7,0) -> 163 | AY7: =ROUNDUP(J7*AS7,0) -> 0 | BB7: =AQ7-AW7-AX7-AY7 -> 119
A8: ='ENTRY SHEET'!F8 -> VOLVO-480 | B8: ='01'!C8 -> 0 | D8: 3 | E8: 12 | G8: =D8-H8-I8-J8-K8-L8-M8-N8-O8-P8 -> 3 | Q8: =F8+G8+H8+I8+J8+K8+L8+M8+N8+O8+P8 -> 3 | V8: 18 | Y8: =X8+W8+V8+U8 -> 18 | AG8: =Z8+AA8+AB8+AC8+AD8+AE8+AF8 -> 0 | AL8: =AH8+AI8 -> 0 | AM8: =AJ8+AK8 -> 0 | AN8: ='01'!AR8 -> 240 | AP8: =AO8+AN8 -> 240 | AQ8: =AP8-AR8 -> 90 | AR8: 150 | AS8: =AQ8/D8 -> 30 | AT8: ='01'!AT8 -> 650 | AU8: =AT8-AR8 -> 500 | AW8: =ROUNDUP(I8*AS8,0) -> 0 | AX8: =ROUNDUP(H8*AS8,0) -> 0 | AY8: =ROUNDUP(J8*AS8,0) -> 0 | BB8: =AQ8-AW8-AX8-AY8 -> 90
A9: ='ENTRY SHEET'!F9 -> KOMASTU-350 DMC | B9: ='01'!C9 -> 12582.8 | C9: 12592 | D9: =C9-B9 -> 9.2 | E9: 12 | G9: =D9-H9-I9-J9-K9-L9-M9-N9-O9-P9 -> 9.2 | Q9: =F9+G9+H9+I9+J9+K9+L9+M9+N9+O9+P9 -> 9.2 | U9: 40 | V9: 37 | Y9: =X9+W9+V9+U9 -> 77 | AG9: =Z9+AA9+AB9+AC9+AD9+AE9+AF9 -> 0 | AL9: =AH9+AI9 -> 0 | AM9: =AJ9+AK9 -> 0 | AN9: ='01'!AR9 -> 0 | AO9: 470 | AP9: =AO9+AN9 -> 470 | AQ9: =AP9-AR9 -> 470 | AS9: =AQ9/D9 -> 51.086957 | AT9: ='01'!AT9 -> 0 | AU9: =AT9-AR9 -> 0 | AW9: =ROUNDUP(I9*AS9,0) -> 0 | AX9: =ROUNDUP(H9*AS9,0) -> 0 | AY9: =ROUNDUP(J9*AS9,0) -> 0 | BB9: =AQ9-AW9-AX9-AY9 -> 470
A10: ='ENTRY SHEET'!F10 -> VOLVO-300(5) | B10: ='01'!C10 -> 0 | D10: =C10-B10 -> 0 | E10: 12 | G10: =D10-H10-I10-J10-K10-L10-M10-N10-O10-P10 -> 0 | Q10: =F10+G10+H10+I10+J10+K10+L10+M10+N10+O10+P10 -> 0 | Y10: =X10+W10+V10+U10 -> 0 | AG10: =Z10+AA10+AB10+AC10+AD10+AE10+AF10 -> 0 | AL10: =AH10+AI10 -> 0 | AM10: =AJ10+AK10 -> 0 | AN10: ='01'!AR10 -> 0 | AP10: =AO10+AN10 -> 0 | AQ10: =AP10-AR10 -> 0 | AS10: =AQ10/D10 -> #DIV/0! | AT10: ='01'!AT10 -> 0 | AU10: =AT10-AR10 -> 0 | AW10: =ROUNDUP(I10*AS10,0) -> #DIV/0! | AX10: =ROUNDUP(H10*AS10,0) -> #DIV/0! | AY10: =ROUNDUP(J10*AS10,0) -> #DIV/0! | BB10: =AQ10-AW10-AX10-AY10 -> #DIV/0!
A11: ='ENTRY SHEET'!F11 -> VOLVO-380 | B11: ='01'!C11 -> 0 | D11: =C11-B11 -> 0 | E11: 12 | G11: =D11-H11-I11-J11-K11-L11-M11-N11-O11-P11 -> 0 | Q11: =F11+G11+H11+I11+J11+K11+L11+M11+N11+O11+P11 -> 0 | Y11: =X11+W11+V11+U11 -> 0 | AG11: =Z11+AA11+AB11+AC11+AD11+AE11+AF11 -> 0 | AL11: =AH11+AI11 -> 0 | AM11: =AJ11+AK11 -> 0 | AN11: ='01'!AR11 -> 0 | AP11: =AO11+AN11 -> 0 | AQ11: =AP11-AR11 -> 0 | AS11: =AQ11/D11 -> #DIV/0! | AT11: ='01'!AT11 -> 0 | AU11: =AT11-AR11 -> 0 | AW11: =ROUNDUP(I11*AS11,0) -> #DIV/0! | AX11: =ROUNDUP(H11*AS11,0) -> #DIV/0! | AY11: =ROUNDUP(J11*AS11,0) -> #DIV/0! | BB11: =AQ11-AW11-AX11-AY11 -> #DIV/0!
A12: ='ENTRY SHEET'!F12 -> DOZZER D65E | B12: ='01'!C12 -> 2222.5 | C12: 2228.7 | D12: =C12-B12 -> 6.2 | E12: 12 | G12: =D12-H12-I12-J12-K12-L12-M12-N12-O12-P12 -> 6.2 | Q12: =F12+G12+H12+I12+J12+K12+L12+M12+N12+O12+P12 -> 6.2 | Y12: =X12+W12+V12+U12 -> 0 | AG12: =Z12+AA12+AB12+AC12+AD12+AE12+AF12 -> 0 | AL12: =AH12+AI12 -> 0 | AM12: =AJ12+AK12 -> 0 | AN12: ='01'!AR12 -> 200 | AP12: =AO12+AN12 -> 200 | AQ12: =AP12-AR12 -> 80 | AR12: 120 | AS12: =AQ12/D12 -> 12.903226 | AT12: ='01'!AT12 -> 350 | AU12: =AT12-AR12 -> 230 | AW12: =ROUNDUP(I12*AS12,0) -> 0 | AX12: =ROUNDUP(H12*AS12,0) -> 0 | AY12: =ROUNDUP(J12*AS12,0) -> 0 | BB12: =AQ12-AW12-AX12-AY12 -> 80
A13: ='ENTRY SHEET'!F13 -> BD 85 DOZER | B13: ='01'!C13 -> 228.3 | C13: 235.1 | D13: =C13-B13 -> 6.8 | E13: 12 | G13: =D13-H13-I13-J13-K13-L13-M13-N13-O13-P13 -> 6.8 | Q13: =F13+G13+H13+I13+J13+K13+L13+M13+N13+O13+P13 -> 6.8 | Y13: =X13+W13+V13+U13 -> 0 | AG13: =Z13+AA13+AB13+AC13+AD13+AE13+AF13 -> 0 | AL13: =AH13+AI13 -> 0 | AM13: =AJ13+AK13 -> 0 | AN13: ='01'!AR13 -> 185 | AO13: 200 | AP13: =AO13+AN13 -> 385 | AQ13: =AP13-AR13 -> 100 | AR13: 285 | AS13: =AQ13/D13 -> 14.705882 | AT13: ='01'!AT13 -> 350 | AU13: =AT13-AR13 -> 65 | AW13: =ROUNDUP(I13*AS13,0) -> 0 | AX13: =ROUNDUP(H13*AS13,0) -> 0 | AY13: =ROUNDUP(J13*AS13,0) -> 0 | BB13: =AQ13-AW13-AX13-AY13 -> 100
A14: ='ENTRY SHEET'!F14 -> KOBELCO-380 DMCS | B14: ='01'!C14 -> 0 | D14: =C14-B14 -> 0 | E14: 12 | G14: =D14-H14-I14-J14-K14-L14-M14-N14-O14-P14 -> 0 | Q14: =F14+G14+H14+I14+J14+K14+L14+M14+N14+O14+P14 -> 0 | Y14: =X14+W14+V14+U14 -> 0 | AG14: =Z14+AA14+AB14+AC14+AD14+AE14+AF14 -> 0 | AL14: =AH14+AI14 -> 0 | AM14: =AJ14+AK14 -> 0 | AN14: ='01'!AR14 -> 0 | AP14: =AO14+AN14 -> 0 | AQ14: =AP14-AR14 -> 0 | AS14: =AQ14/D14 -> #DIV/0! | AT14: ='01'!AT14 -> 350 | AU14: =AT14-AR14 -> 350 | AW14: =ROUNDUP(I14*AS14,0) -> #DIV/0! | AX14: =ROUNDUP(H14*AS14,0) -> #DIV/0! | AY14: =ROUNDUP(J14*AS14,0) -> #DIV/0! | BB14: =AQ14-AW14-AX14-AY14 -> #DIV/0!
A15: ='ENTRY SHEET'!F15 -> GRADER OD09P-1732 | B15: ='01'!C15 -> 4551.5 | C15: 4551.5 | D15: =C15-B15 -> 0 | E15: 12 | G15: =D15-H15-I15-J15-K15-L15-M15-N15-O15-P15 -> 0 | Q15: =F15+G15+H15+I15+J15+K15+L15+M15+N15+O15+P15 -> 0 | Y15: =X15+W15+V15+U15 -> 0 | AG15: =Z15+AA15+AB15+AC15+AD15+AE15+AF15 -> 0 | AL15: =AH15+AI15 -> 0 | AM15: =AJ15+AK15 -> 0 | AN15: ='01'!AR15 -> 70 | AP15: =AO15+AN15 -> 70 | AQ15: =AP15-AR15 -> 0 | AR15: 70 | AS15: =AQ15/D15 -> #DIV/0! | AT15: ='01'!AT15 -> 350 | AU15: =AT15-AR15 -> 280 | AW15: =ROUNDUP(I15*AS15,0) -> #DIV/0! | AX15: =ROUNDUP(H15*AS15,0) -> #DIV/0! | AY15: =ROUNDUP(J15*AS15,0) -> #DIV/0! | BB15: =AQ15-AW15-AX15-AY15 -> #DIV/0!
A16: ='ENTRY SHEET'!F16 -> 0 | B16: ='01'!C16 -> 0 | C16: 0 | D16: =C16-B16 -> 0 | E16: 12 | Q16: =F16+G16+H16+I16+J16+K16+L16+M16+N16+O16+P16 -> 0 | Y16: =X16+W16+V16+U16 -> 0 | AG16: =Z16+AA16+AB16+AC16+AD16+AE16+AF16 -> 0 | AL16: =AH16+AI16 -> 0 | AM16: =AJ16+AK16 -> 0 | AN16: ='01'!AR16 -> 0 | AP16: =AO16+AN16 -> 0 | AQ16: =AP16-AR16 -> 0 | AS16: =AQ16/D16 -> #DIV/0! | AT16: ='01'!AT16 -> 0 | AU16: =AT16-AR16 -> 0 | AW16: =ROUNDUP(I16*AS16,0) -> #DIV/0! | AX16: =ROUNDUP(H16*AS16,0) -> #DIV/0! | AY16: =ROUNDUP(J16*AS16,0) -> #DIV/0! | BB16: =AQ16-AW16-AX16-AY16 -> #DIV/0!
A17: ='ENTRY SHEET'!F17 -> OD09C-1962 | B17: ='01'!C17 -> 20692.6 | C17: 20692.6 | D17: =C17-B17 -> 0 | E17: 12 | G17: =D17-H17-I17 -> 0 | Q17: =F17+G17+H17+I17+J17+K17+L17+M17+N17+O17+P17 -> 0 | R17: ='01'!S17 -> 156139.3 | S17: 156139.3 | T17: =S17-R17 -> 0 | Y17: =X17+W17+V17+U17 -> 0 | AG17: =Z17+AA17+AB17+AC17+AD17+AE17+AF17 -> 0 | AL17: =AH17+AI17 -> 0 | AM17: =AJ17+AK17 -> 0 | AN17: ='01'!AR17 -> 115 | AP17: =AO17+AN17 -> 115 | AQ17: =AP17-AR17 -> 0 | AR17: 115 | AS17: =AQ17/D17 -> #DIV/0! | AT17: ='01'!AT17 -> 250 | AU17: =AT17-AR17 -> 135 | AW17: =ROUNDUP(I17*AS17,0) -> #DIV/0! | AX17: =ROUNDUP(H17*AS17,0) -> #DIV/0! | AY17: =ROUNDUP(J17*AS17,0) -> #DIV/0! | BB17: =AQ17-AW17-AX17-AY17 -> #DIV/0!
A18: ='ENTRY SHEET'!F18 -> OD09C-1964 | B18: ='01'!C18 -> 14393 | C18: 14395.05 | D18: =C18-B18 -> 2.05 | E18: 12 | G18: =D18-H18-I18 -> 2.05 | Q18: =F18+G18+H18+I18+J18+K18+L18+M18+N18+O18+P18 -> 2.05 | R18: ='01'!S18 -> 152484 | S18: 152493.9 | T18: =S18-R18 -> 9.9 | V18: 3 | Y18: =X18+W18+V18+U18 -> 3 | AG18: =Z18+AA18+AB18+AC18+AD18+AE18+AF18 -> 0 | AL18: =AH18+AI18 -> 0 | AM18: =AJ18+AK18 -> 0 | AN18: ='01'!AR18 -> 140 | AP18: =AO18+AN18 -> 140 | AQ18: =AP18-AR18 -> 30 | AR18: 110 | AS18: =AQ18/D18 -> 14.634146 | AT18: ='01'!AT18 -> 250 | AU18: =AT18-AR18 -> 140 | AW18: =ROUNDUP(I18*AS18,0) -> 0 | AX18: =ROUNDUP(H18*AS18,0) -> 0 | AY18: =ROUNDUP(J18*AS18,0) -> 0 | BB18: =AQ18-AW18-AX18-AY18 -> 30
A19: ='ENTRY SHEET'!F19 -> OD09C1965 | B19: ='01'!C19 -> 16565.8 | C19: 16565.8 | D19: =C19-B19 -> 0 | E19: 12 | G19: =D19-H19-I19 -> 0 | Q19: =F19+G19+H19+I19+J19+K19+L19+M19+N19+O19+P19 -> 0 | R19: ='01'!S19 -> 166053.3 | S19: 166053.3 | T19: =S19-R19 -> 0 | Y19: =X19+W19+V19+U19 -> 0 | AG19: =Z19+AA19+AB19+AC19+AD19+AE19+AF19 -> 0 | AL19: =AH19+AI19 -> 0 | AM19: =AJ19+AK19 -> 0 | AN19: ='01'!AR19 -> 0 | AP19: =AO19+AN19 -> 0 | AQ19: =AP19-AR19 -> 0 | AS19: =AQ19/D19 -> #DIV/0! | AT19: ='01'!AT19 -> 250 | AU19: =AT19-AR19 -> 250 | AW19: =ROUNDUP(I19*AS19,0) -> #DIV/0! | AX19: =ROUNDUP(H19*AS19,0) -> #DIV/0! | AY19: =ROUNDUP(J19*AS19,0) -> #DIV/0! | BB19: =AQ19-AW19-AX19-AY19 -> #DIV/0!
A20: ='ENTRY SHEET'!F20 -> ODO9C5136 | B20: ='01'!C20 -> 17052.5 | C20: 17052.5 | D20: =C20-B20 -> 0 | E20: 12 | G20: =D20-H20-I20 -> 0 | Q20: =F20+G20+H20+I20+J20+K20+L20+M20+N20+O20+P20 -> 0 | R20: ='01'!S20 -> 125216 | S20: 125216 | T20: =S20-R20 -> 0 | Y20: =X20+W20+V20+U20 -> 0 | AG20: =Z20+AA20+AB20+AC20+AD20+AE20+AF20 -> 0 | AL20: =AH20+AI20 -> 0 | AM20: =AJ20+AK20 -> 0 | AN20: ='01'!AR20 -> 80 | AP20: =AO20+AN20 -> 80 | AQ20: =AP20-AR20 -> 0 | AR20: 80 | AS20: =AQ20/D20 -> #DIV/0! | AT20: ='01'!AT20 -> 250 | AU20: =AT20-AR20 -> 170 | AW20: =ROUNDUP(I20*AS20,0) -> #DIV/0! | AX20: =ROUNDUP(H20*AS20,0) -> #DIV/0! | AY20: =ROUNDUP(J20*AS20,0) -> #DIV/0! | BB20: =AQ20-AW20-AX20-AY20 -> #DIV/0!
A21: ='ENTRY SHEET'!F21 -> OD09C5137 | B21: ='01'!C21 -> 17100.35 | C21: 17100.35 | D21: =C21-B21 -> 0 | E21: 12 | G21: 0 | Q21: =F21+G21+H21+I21+J21+K21+L21+M21+N21+O21+P21 -> 0 | R21: ='01'!S21 -> 131760.8 | S21: 131760.8 | T21: =S21-R21 -> 0 | Y21: =X21+W21+V21+U21 -> 0 | AG21: =Z21+AA21+AB21+AC21+AD21+AE21+AF21 -> 0 | AL21: =AH21+AI21 -> 0 | AM21: =AJ21+AK21 -> 0 | AN21: ='01'!AR21 -> 70 | AP21: =AO21+AN21 -> 70 | AQ21: =AP21-AR21 -> 0 | AR21: 70 | AS21: =AQ21/D21 -> #DIV/0! | AT21: ='01'!AT21 -> 250 | AU21: =AT21-AR21 -> 180 | AW21: =ROUNDUP(I21*AS21,0) -> #DIV/0! | AX21: =ROUNDUP(H21*AS21,0) -> #DIV/0! | AY21: =ROUNDUP(J21*AS21,0) -> #DIV/0! | BB21: =AQ21-AW21-AX21-AY21 -> #DIV/0!
A22: ='ENTRY SHEET'!F22 -> OD09C4623 | B22: ='01'!C22 -> 1457.5 | C22: 1457.5 | D22: =C22-B22 -> 0 | E22: 12 | G22: =D22-H22-I22 -> 0 | Q22: =F22+G22+H22+I22+J22+K22+L22+M22+N22+O22+P22 -> 0 | R22: ='01'!S22 -> 65563 | S22: 65563 | T22: =S22-R22 -> 0 | Y22: =X22+W22+V22+U22 -> 0 | AG22: =Z22+AA22+AB22+AC22+AD22+AE22+AF22 -> 0 | AL22: =AH22+AI22 -> 0 | AM22: =AJ22+AK22 -> 0 | AN22: ='01'!AR22 -> 0 | AP22: =AO22+AN22 -> 0 | AQ22: =AP22-AR22 -> 0 | AS22: =AQ22/D22 -> #DIV/0! | AT22: ='01'!AT22 -> 250 | AU22: =AT22-AR22 -> 250 | AW22: =ROUNDUP(I22*AS22,0) -> #DIV/0! | AX22: =ROUNDUP(H22*AS22,0) -> #DIV/0! | AY22: =ROUNDUP(J22*AS22,0) -> #DIV/0! | BB22: =AQ22-AW22-AX22-AY22 -> #DIV/0!
A23: ='ENTRY SHEET'!F23 -> OD09C4625 | B23: ='01'!C23 -> 24068.75 | C23: 24073.2 | D23: =C23-B23 -> 4.45 | E23: 12 | G23: =D23-H23-I23 -> -0.15 | I23: 4.6 | Q23: =F23+G23+H23+I23+J23+K23+L23+M23+N23+O23+P23 -> 4.45 | R23: ='01'!S23 -> 88530.8 | S23: 88551.5 | T23: =S23-R23 -> 20.7 | Y23: =X23+W23+V23+U23 -> 0 | AG23: =Z23+AA23+AB23+AC23+AD23+AE23+AF23 -> 0 | AH23: 3 | AJ23: 90.72 | AL23: =AH23+AI23 -> 3 | AM23: =AJ23+AK23 -> 90.72 | AN23: ='01'!AR23 -> 140 | AP23: =AO23+AN23 -> 140 | AQ23: =AP23-AR23 -> 40 | AR23: 100 | AS23: =AQ23/D23 -> 8.988764 | AT23: ='01'!AT23 -> 250 | AU23: =AT23-AR23 -> 150 | AW23: =ROUNDUP(I23*AS23,0) -> 42 | AX23: =ROUNDUP(H23*AS23,0) -> 0 | AY23: =ROUNDUP(J23*AS23,0) -> 0 | BB23: =AQ23-AW23-AX23-AY23 -> -2
A24: ='ENTRY SHEET'!F24 -> OD09C4823 | B24: ='01'!C24 -> 23971.3 | C24: 23975.45 | D24: =C24-B24 -> 4.15 | E24: 12 | G24: =D24-H24-I24 -> -0.05 | H24: 1.05 | I24: 3.15 | Q24: =F24+G24+H24+I24+J24+K24+L24+M24+N24+O24+P24 -> 4.15 | R24: ='01'!S24 -> 146333.2 | S24: 146345.7 | T24: =S24-R24 -> 12.5 | Y24: =X24+W24+V24+U24 -> 0 | AB24: 7 | AG24: =Z24+AA24+AB24+AC24+AD24+AE24+AF24 -> 7 | AH24: 2 | AJ24: 62.52 | AL24: =AH24+AI24 -> 2 | AM24: =AJ24+AK24 -> 62.52 | AN24: ='01'!AR24 -> 170 | AP24: =AO24+AN24 -> 170 | AQ24: =AP24-AR24 -> 20 | AR24: 150 | AS24: =AQ24/D24 -> 4.8192771 | AT24: ='01'!AT24 -> 250 | AU24: =AT24-AR24 -> 100 | AW24: =ROUNDUP(I24*AS24,0) -> 16 | AX24: =ROUNDUP(H24*AS24,0) -> 6 | AY24: =ROUNDUP(J24*AS24,0) -> 0 | BB24: =AQ24-AW24-AX24-AY24 -> -2
A25: ='ENTRY SHEET'!F25 -> OD09C-4824 | B25: ='01'!C25 -> 17192.05 | C25: 17192.05 | D25: =C25-B25 -> 0 | E25: 12 | G25: =D25-H25-I25 -> 0 | Q25: =F25+G25+H25+I25+J25+K25+L25+M25+N25+O25+P25 -> 0 | R25: ='01'!S25 -> 110056.6 | S25: 110056.6 | T25: =S25-R25 -> 0 | Y25: =X25+W25+V25+U25 -> 0 | AG25: =Z25+AA25+AB25+AC25+AD25+AE25+AF25 -> 0 | AL25: =AH25+AI25 -> 0 | AM25: =AJ25+AK25 -> 0 | AN25: ='01'!AR25 -> 175 | AP25: =AO25+AN25 -> 175 | AQ25: =AP25-AR25 -> 0 | AR25: 175 | AS25: =AQ25/D25 -> #DIV/0! | AT25: ='01'!AT25 -> 250 | AU25: =AT25-AR25 -> 75 | AW25: =ROUNDUP(I25*AS25,0) -> #DIV/0! | AX25: =ROUNDUP(H25*AS25,0) -> #DIV/0! | AY25: =ROUNDUP(J25*AS25,0) -> #DIV/0! | BB25: =AQ25-AW25-AX25-AY25 -> #DIV/0!
A26: ='ENTRY SHEET'!F26 -> JH06H-3742 | B26: ='01'!C26 -> 18386 | D26: 8.5 | E26: 12 | G26: =D26-H26-I26 -> 0 | H26: =8.5 -> 8.5 | Q26: =F26+G26+H26+I26+J26+K26+L26+M26+N26+O26+P26 -> 8.5 | R26: ='01'!S26 -> 0 | T26: =S26-R26 -> 0 | Y26: =X26+W26+V26+U26 -> 0 | AD26: 20 | AG26: =Z26+AA26+AB26+AC26+AD26+AE26+AF26 -> 20 | AL26: =AH26+AI26 -> 0 | AM26: =AJ26+AK26 -> 0 | AN26: ='01'!AR26 -> 65 | AO26: 100 | AP26: =AO26+AN26 -> 165 | AQ26: =AP26-AR26 -> 55 | AR26: 110 | AS26: =AQ26/D26 -> 6.4705882 | AT26: ='01'!AT26 -> 250 | AU26: =AT26-AR26 -> 140 | AW26: =ROUNDUP(I26*AS26,0) -> 0 | AX26: =ROUNDUP(H26*AS26,0) -> 55 | AY26: =ROUNDUP(J26*AS26,0) -> 0 | BB26: =AQ26-AW26-AX26-AY26 -> 0
A27: ='ENTRY SHEET'!F27 -> OD09C-4879 | B27: ='01'!C27 -> 12980 | C27: 12984 | D27: =C27-B27 -> 4 | E27: 12 | G27: =D27-H27-I27 -> 0 | H27: =984-980 -> 4 | Q27: =F27+G27+H27+I27+J27+K27+L27+M27+N27+O27+P27 -> 4 | R27: ='01'!S27 -> 0 | T27: =S27-R27 -> 0 | Y27: =X27+W27+V27+U27 -> 0 | AD27: 6 | AG27: =Z27+AA27+AB27+AC27+AD27+AE27+AF27 -> 6 | AL27: =AH27+AI27 -> 0 | AM27: =AJ27+AK27 -> 0 | AN27: ='01'!AR27 -> 85 | AP27: =AO27+AN27 -> 85 | AQ27: =AP27-AR27 -> 20 | AR27: 65 | AS27: =AQ27/D27 -> 5 | AT27: ='01'!AT27 -> 250 | AU27: =AT27-AR27 -> 185 | AW27: =ROUNDUP(I27*AS27,0) -> 0 | AX27: =ROUNDUP(H27*AS27,0) -> 20 | AY27: =ROUNDUP(J27*AS27,0) -> 0 | BB27: =AQ27-AW27-AX27-AY27 -> 0
A28: ='ENTRY SHEET'!F28 -> OD09C-1371 | B28: ='01'!C28 -> 11495 | C28: 11498 | D28: =C28-B28 -> 3 | E28: 12 | G28: =D28-H28-I28 -> 3 | Q28: =F28+G28+H28+I28+J28+K28+L28+M28+N28+O28+P28 -> 3 | R28: ='01'!S28 -> 137564 | S28: 137577 | T28: =S28-R28 -> 13 | V28: 2 | Y28: =X28+W28+V28+U28 -> 2 | AG28: =Z28+AA28+AB28+AC28+AD28+AE28+AF28 -> 0 | AL28: =AH28+AI28 -> 0 | AM28: =AJ28+AK28 -> 0 | AN28: ='01'!AR28 -> 140 | AO28: 50 | AP28: =AO28+AN28 -> 190 | AQ28: =AP28-AR28 -> 20 | AR28: 170 | AS28: =AQ28/D28 -> 6.6666667 | AT28: ='01'!AT28 -> 250 | AU28: =AT28-AR28 -> 80 | AW28: =ROUNDUP(I28*AS28,0) -> 0 | AX28: =ROUNDUP(H28*AS28,0) -> 0 | AY28: =ROUNDUP(J28*AS28,0) -> 0 | BB28: =AQ28-AW28-AX28-AY28 -> 20
A29: ='ENTRY SHEET'!F29 -> OD09C-4878 | B29: ='01'!C29 -> 0 | D29: =C29-B29 -> 0 | E29: 12 | G29: =D29-H29-I29 -> 0 | Q29: =F29+G29+H29+I29+J29+K29+L29+M29+N29+O29+P29 -> 0 | R29: ='01'!S29 -> 0 | T29: =S29-R29 -> 0 | Y29: =X29+W29+V29+U29 -> 0 | AG29: =Z29+AA29+AB29+AC29+AD29+AE29+AF29 -> 0 | AL29: =AH29+AI29 -> 0 | AM29: =AJ29+AK29 -> 0 | AN29: ='01'!AR29 -> 0 | AP29: =AO29+AN29 -> 0 | AQ29: =AP29-AR29 -> 0 | AS29: =AQ29/D29 -> #DIV/0! | AT29: ='01'!AT29 -> 250 | AU29: =AT29-AR29 -> 250 | AW29: =ROUNDUP(I29*AS29,0) -> #DIV/0! | AX29: =ROUNDUP(H29*AS29,0) -> #DIV/0! | AY29: =ROUNDUP(J29*AS29,0) -> #DIV/0! | BB29: =AQ29-AW29-AX29-AY29 -> #DIV/0!
A30: ='ENTRY SHEET'!F30 -> OD09C-8163 | B30: ='01'!C30 -> 13379.4 | C30: 13382 | D30: =C30-B30 -> 2.6 | E30: 12 | G30: =D30-H30-I30 -> 2.6 | Q30: =F30+G30+H30+I30+J30+K30+L30+M30+N30+O30+P30 -> 2.6 | R30: ='01'!S30 -> 61527 | S30: 61539 | T30: =S30-R30 -> 12 | V30: 3 | Y30: =X30+W30+V30+U30 -> 3 | AG30: =Z30+AA30+AB30+AC30+AD30+AE30+AF30 -> 0 | AL30: =AH30+AI30 -> 0 | AM30: =AJ30+AK30 -> 0 | AN30: ='01'!AR30 -> 150 | AP30: =AO30+AN30 -> 150 | AQ30: =AP30-AR30 -> 0 | AR30: 150 | AS30: =AQ30/D30 -> 0 | AT30: ='01'!AT30 -> 250 | AU30: =AT30-AR30 -> 100 | AW30: =ROUNDUP(I30*AS30,0) -> 0 | AX30: =ROUNDUP(H30*AS30,0) -> 0 | AY30: =ROUNDUP(J30*AS30,0) -> 0 | BB30: =AQ30-AW30-AX30-AY30 -> 0
A31: ='ENTRY SHEET'!F31 -> OD09A-5106 | B31: ='01'!C31 -> 15058 | C31: 15061 | D31: =C31-B31 -> 3 | E31: 12 | G31: =D31-H31-I31 -> 3 | Q31: =F31+G31+H31+I31+J31+K31+L31+M31+N31+O31+P31 -> 3 | R31: ='01'!S31 -> 123109 | S31: 123132 | T31: =S31-R31 -> 23 | V31: 3 | X31: 1 | Y31: =X31+W31+V31+U31 -> 4 | AG31: =Z31+AA31+AB31+AC31+AD31+AE31+AF31 -> 0 | AL31: =AH31+AI31 -> 0 | AM31: =AJ31+AK31 -> 0 | AN31: ='01'!AR31 -> 150 | AP31: =AO31+AN31 -> 150 | AQ31: =AP31-AR31 -> 30 | AR31: 120 | AS31: =AQ31/D31 -> 10 | AT31: ='01'!AT31 -> 250 | AU31: =AT31-AR31 -> 130 | AW31: =ROUNDUP(I31*AS31,0) -> 0 | AX31: =ROUNDUP(H31*AS31,0) -> 0 | AY31: =ROUNDUP(J31*AS31,0) -> 0 | BB31: =AQ31-AW31-AX31-AY31 -> 30
A32: ='ENTRY SHEET'!F32 -> OD09C-8164 | B32: ='01'!C32 -> 10405.7 | C32: 10406.7 | D32: =C32-B32 -> 1 | E32: 12 | G32: =D32-H32-I32 -> 1 | Q32: =F32+G32+H32+I32+J32+K32+L32+M32+N32+O32+P32 -> 1 | R32: ='01'!S32 -> 69760 | S32: 69764 | T32: =S32-R32 -> 4 | V32: 1 | Y32: =X32+W32+V32+U32 -> 1 | AG32: =Z32+AA32+AB32+AC32+AD32+AE32+AF32 -> 0 | AL32: =AH32+AI32 -> 0 | AM32: =AJ32+AK32 -> 0 | AN32: ='01'!AR32 -> 175 | AP32: =AO32+AN32 -> 175 | AQ32: =AP32-AR32 -> 5 | AR32: 170 | AS32: =AQ32/D32 -> 5 | AT32: ='01'!AT32 -> 250 | AU32: =AT32-AR32 -> 80 | AW32: =ROUNDUP(I32*AS32,0) -> 0 | AX32: =ROUNDUP(H32*AS32,0) -> 0 | AY32: =ROUNDUP(J32*AS32,0) -> 0 | BB32: =AQ32-AW32-AX32-AY32 -> 5
A33: ='ENTRY SHEET'!F33 -> OD09C-1373 | B33: ='01'!C33 -> 0 | D33: =C33-B33 -> 0 | E33: 12 | G33: =D33-H33-I33 -> 0 | Q33: =F33+G33+H33+I33+J33+K33+L33+M33+N33+O33+P33 -> 0 | R33: ='01'!S33 -> 0 | T33: =S33-R33 -> 0 | Y33: =X33+W33+V33+U33 -> 0 | AG33: =Z33+AA33+AB33+AC33+AD33+AE33+AF33 -> 0 | AL33: =AH33+AI33 -> 0 | AM33: =AJ33+AK33 -> 0 | AN33: ='01'!AR33 -> 0 | AP33: =AO33+AN33 -> 0 | AQ33: =AP33-AR33 -> 0 | AS33: =AQ33/D33 -> #DIV/0! | AT33: ='01'!AT33 -> 250 | AU33: =AT33-AR33 -> 250 | AW33: =ROUNDUP(I33*AS33,0) -> #DIV/0! | AX33: =ROUNDUP(H33*AS33,0) -> #DIV/0! | AY33: =ROUNDUP(J33*AS33,0) -> #DIV/0! | BB33: =AQ33-AW33-AX33-AY33 -> #DIV/0!
A34: ='ENTRY SHEET'!F34 -> OD09A-5666 | B34: ='01'!C34 -> 21859 | C34: 21864 | D34: =C34-B34 -> 5 | E34: 12 | G34: =D34-H34-I34 -> 1 | H34: 3 | I34: 1 | Q34: =F34+G34+H34+I34+J34+K34+L34+M34+N34+O34+P34 -> 5 | R34: ='01'!S34 -> 102092 | S34: 102115 | T34: =S34-R34 -> 23 | V34: 3 | Y34: =X34+W34+V34+U34 -> 3 | AB34: 1 | AC34: 3 | AG34: =Z34+AA34+AB34+AC34+AD34+AE34+AF34 -> 4 | AH34: 2 | AJ34: 60.74 | AL34: =AH34+AI34 -> 2 | AM34: =AJ34+AK34 -> 60.74 | AN34: ='01'!AR34 -> 150 | AP34: =AO34+AN34 -> 150 | AQ34: =AP34-AR34 -> 30 | AR34: 120 | AS34: =AQ34/D34 -> 6 | AT34: ='01'!AT34 -> 250 | AU34: =AT34-AR34 -> 130 | AW34: =ROUNDUP(I34*AS34,0) -> 6 | AX34: =ROUNDUP(H34*AS34,0) -> 18 | AY34: =ROUNDUP(J34*AS34,0) -> 0 | BB34: =AQ34-AW34-AX34-AY34 -> 6
A35: ='ENTRY SHEET'!F35 -> OD09A-6059 | B35: ='01'!C35 -> 14039 | C35: 14046 | D35: =C35-B35 -> 7 | E35: 12 | G35: =D35-H35-I35 -> 3 | H35: =46-42 -> 4 | Q35: =F35+G35+H35+I35+J35+K35+L35+M35+N35+O35+P35 -> 7 | R35: ='01'!S35 -> 91618 | S35: 91660 | T35: =S35-R35 -> 42 | V35: 6 | Y35: =X35+W35+V35+U35 -> 6 | AD35: 11 | AG35: =Z35+AA35+AB35+AC35+AD35+AE35+AF35 -> 11 | AL35: =AH35+AI35 -> 0 | AM35: =AJ35+AK35 -> 0 | AN35: ='01'!AR35 -> 180 | AP35: =AO35+AN35 -> 180 | AQ35: =AP35-AR35 -> 50 | AR35: 130 | AS35: =AQ35/D35 -> 7.1428571 | AT35: ='01'!AT35 -> 250 | AU35: =AT35-AR35 -> 120 | AW35: =ROUNDUP(I35*AS35,0) -> 0 | AX35: =ROUNDUP(H35*AS35,0) -> 29 | AY35: =ROUNDUP(J35*AS35,0) -> 0 | BB35: =AQ35-AW35-AX35-AY35 -> 21
A36: ='ENTRY SHEET'!F36 -> JH06H-9654 | B36: ='01'!C36 -> 0 | D36: 8.5 | E36: 12 | G36: =D36-H36-I36 -> 8.5 | Q36: =F36+G36+H36+I36+J36+K36+L36+M36+N36+O36+P36 -> 8.5 | R36: ='01'!S36 -> 100702 | S36: 100743 | T36: =S36-R36 -> 41 | V36: 11 | Y36: =X36+W36+V36+U36 -> 11 | AG36: =Z36+AA36+AB36+AC36+AD36+AE36+AF36 -> 0 | AL36: =AH36+AI36 -> 0 | AM36: =AJ36+AK36 -> 0 | AN36: ='01'!AR36 -> 130 | AO36: 50 | AP36: =AO36+AN36 -> 180 | AQ36: =AP36-AR36 -> 50 | AR36: 130 | AS36: =AQ36/D36 -> 5.8823529 | AT36: ='01'!AT36 -> 250 | AU36: =AT36-AR36 -> 120 | AW36: =ROUNDUP(I36*AS36,0) -> 0 | AX36: =ROUNDUP(H36*AS36,0) -> 0 | AY36: =ROUNDUP(J36*AS36,0) -> 0 | BB36: =AQ36-AW36-AX36-AY36 -> 50
A37: ='ENTRY SHEET'!F37 -> OD09A-5105 | B37: ='01'!C37 -> 12604 | C37: 12612 | D37: =C37-B37 -> 8 | E37: 12 | G37: =D37-H37-I37 -> 2 | H37: =610-604 -> 6 | Q37: =F37+G37+H37+I37+J37+K37+L37+M37+N37+O37+P37 -> 8 | R37: ='01'!S37 -> 91262 | S37: 91305 | T37: =S37-R37 -> 43 | V37: 4 | Y37: =X37+W37+V37+U37 -> 4 | AD37: 16 | AG37: =Z37+AA37+AB37+AC37+AD37+AE37+AF37 -> 16 | AL37: =AH37+AI37 -> 0 | AM37: =AJ37+AK37 -> 0 | AN37: ='01'!AR37 -> 175 | AO37: 50 | AP37: =AO37+AN37 -> 225 | AQ37: =AP37-AR37 -> 50 | AR37: 175 | AS37: =AQ37/D37 -> 6.25 | AT37: ='01'!AT37 -> 250 | AU37: =AT37-AR37 -> 75 | AW37: =ROUNDUP(I37*AS37,0) -> 0 | AX37: =ROUNDUP(H37*AS37,0) -> 38 | AY37: =ROUNDUP(J37*AS37,0) -> 0 | BB37: =AQ37-AW37-AX37-AY37 -> 12
A38: ='ENTRY SHEET'!F38 -> JH06G-4703 | B38: ='01'!C38 -> 8155 | C38: 8160 | D38: =C38-B38 -> 5 | E38: 12 | G38: =D38-H38-I38 -> 2 | H38: =58-55 -> 3 | Q38: =F38+G38+H38+I38+J38+K38+L38+M38+N38+O38+P38 -> 5 | R38: ='01'!S38 -> 95418 | S38: 95452 | T38: =S38-R38 -> 34 | V38: 5 | Y38: =X38+W38+V38+U38 -> 5 | AD38: 8 | AG38: =Z38+AA38+AB38+AC38+AD38+AE38+AF38 -> 8 | AL38: =AH38+AI38 -> 0 | AM38: =AJ38+AK38 -> 0 | AN38: ='01'!AR38 -> 160 | AO38: 50 | AP38: =AO38+AN38 -> 210 | AQ38: =AP38-AR38 -> 30 | AR38: 180 | AS38: =AQ38/D38 -> 6 | AT38: ='01'!AT38 -> 250 | AU38: =AT38-AR38 -> 70 | AW38: =ROUNDUP(I38*AS38,0) -> 0 | AX38: =ROUNDUP(H38*AS38,0) -> 18 | AY38: =ROUNDUP(J38*AS38,0) -> 0 | BB38: =AQ38-AW38-AX38-AY38 -> 12
A39: ='ENTRY SHEET'!F39 -> JH06H-5348 | B39: ='01'!C39 -> 402 | C39: 407.8 | D39: =C39-B39 -> 5.8 | E39: 12 | G39: =D39-H39-I39 -> 5.8 | Q39: =F39+G39+H39+I39+J39+K39+L39+M39+N39+O39+P39 -> 5.8 | R39: ='01'!S39 -> 122057 | S39: 122093 | T39: =S39-R39 -> 36 | V39: 8 | Y39: =X39+W39+V39+U39 -> 8 | AG39: =Z39+AA39+AB39+AC39+AD39+AE39+AF39 -> 0 | AL39: =AH39+AI39 -> 0 | AM39: =AJ39+AK39 -> 0 | AN39: ='01'!AR39 -> 140 | AO39: 50 | AP39: =AO39+AN39 -> 190 | AQ39: =AP39-AR39 -> 50 | AR39: 140 | AS39: =AQ39/D39 -> 8.6206897 | AT39: ='01'!AT39 -> 0 | AU39: =AT39-AR39 -> -140 | AW39: =ROUNDUP(I39*AS39,0) -> 0 | AX39: =ROUNDUP(H39*AS39,0) -> 0 | AY39: =ROUNDUP(J39*AS39,0) -> 0 | BB39: =AQ39-AW39-AX39-AY39 -> 50
A40: ='ENTRY SHEET'!F40 -> OD09K-5036 | B40: ='01'!C40 -> 13265 | C40: 13265 | D40: =C40-B40 -> 0 | E40: 12 | G40: =D40-H40-I40 -> 0 | Q40: =F40+G40+H40+I40+J40+K40+L40+M40+N40+O40+P40 -> 0 | R40: ='01'!S40 -> 92832 | S40: 92832 | T40: =S40-R40 -> 0 | Y40: =X40+W40+V40+U40 -> 0 | AG40: =Z40+AA40+AB40+AC40+AD40+AE40+AF40 -> 0 | AL40: =AH40+AI40 -> 0 | AM40: =AJ40+AK40 -> 0 | AN40: ='01'!AR40 -> 145 | AP40: =AO40+AN40 -> 145 | AQ40: =AP40-AR40 -> 0 | AR40: 145 | AS40: =AQ40/D40 -> #DIV/0! | AT40: ='01'!AT40 -> 0 | AU40: =AT40-AR40 -> -145 | AW40: =ROUNDUP(I40*AS40,0) -> #DIV/0! | AX40: =ROUNDUP(H40*AS40,0) -> #DIV/0! | AY40: =ROUNDUP(J40*AS40,0) -> #DIV/0! | BB40: =AQ40-AW40-AX40-AY40 -> #DIV/0!
A41: ='ENTRY SHEET'!F41 -> OD09K-1394 | B41: ='01'!C41 -> 10112 | C41: 10119 | D41: =C41-B41 -> 7 | E41: 12 | G41: =D41-H41-I41 -> 2 | H41: =119-114 -> 5 | Q41: =F41+G41+H41+I41+J41+K41+L41+M41+N41+O41+P41 -> 7 | R41: ='01'!S41 -> 50128.8 | S41: 50169.2 | T41: =S41-R41 -> 40.4 | V41: 5 | Y41: =X41+W41+V41+U41 -> 5 | AD41: 11 | AG41: =Z41+AA41+AB41+AC41+AD41+AE41+AF41 -> 11 | AL41: =AH41+AI41 -> 0 | AM41: =AJ41+AK41 -> 0 | AN41: ='01'!AR41 -> 145 | AO41: 50 | AP41: =AO41+AN41 -> 195 | AQ41: =AP41-AR41 -> 45 | AR41: 150 | AS41: =AQ41/D41 -> 6.4285714 | AT41: ='01'!AT41 -> 0 | AU41: =AT41-AR41 -> -150 | AW41: =ROUNDUP(I41*AS41,0) -> 0 | AX41: =ROUNDUP(H41*AS41,0) -> 33 | AY41: =ROUNDUP(J41*AS41,0) -> 0 | BB41: =AQ41-AW41-AX41-AY41 -> 12
A42: ='ENTRY SHEET'!F42 -> JH06T-7706 | B42: ='01'!C42 -> 16039.7 | C42: 16047.1 | D42: =C42-B42 -> 7.4 | E42: 12 | G42: =D42-H42-I42 -> 2 | H42: =45.1-39.7 -> 5.4 | Q42: =F42+G42+H42+I42+J42+K42+L42+M42+N42+O42+P42 -> 7.4 | R42: ='01'!S42 -> 105161 | S42: 105200 | T42: =S42-R42 -> 39 | V42: 4 | Y42: =X42+W42+V42+U42 -> 4 | AD42: 14 | AG42: =Z42+AA42+AB42+AC42+AD42+AE42+AF42 -> 14 | AL42: =AH42+AI42 -> 0 | AM42: =AJ42+AK42 -> 0 | AN42: ='01'!AR42 -> 130 | AO42: 50 | AP42: =AO42+AN42 -> 180 | AQ42: =AP42-AR42 -> 45 | AR42: 135 | AS42: =AQ42/D42 -> 6.0810811 | AT42: ='01'!AT42 -> 0 | AU42: =AT42-AR42 -> -135 | AW42: =ROUNDUP(I42*AS42,0) -> 0 | AX42: =ROUNDUP(H42*AS42,0) -> 33 | AY42: =ROUNDUP(J42*AS42,0) -> 0 | BB42: =AQ42-AW42-AX42-AY42 -> 12
A43: ='ENTRY SHEET'!F43 -> JH06H-7764 | B43: ='01'!C43 -> 17897.5 | C43: 17905.5 | D43: =C43-B43 -> 8 | E43: 12 | G43: =D43-H43-I43 -> 3 | H43: =902.5-897.5 -> 5 | Q43: =F43+G43+H43+I43+J43+K43+L43+M43+N43+O43+P43 -> 8 | R43: ='01'!S43 -> 87386 | S43: 87440 | T43: =S43-R43 -> 54 | V43: 5 | X43: 1 | Y43: =X43+W43+V43+U43 -> 6 | AD43: 14 | AG43: =Z43+AA43+AB43+AC43+AD43+AE43+AF43 -> 14 | AL43: =AH43+AI43 -> 0 | AM43: =AJ43+AK43 -> 0 | AN43: ='01'!AR43 -> 135 | AO43: 50 | AP43: =AO43+AN43 -> 185 | AQ43: =AP43-AR43 -> 60 | AR43: 125 | AS43: =AQ43/D43 -> 7.5 | AT43: ='01'!AT43 -> 0 | AU43: =AT43-AR43 -> -125 | AW43: =ROUNDUP(I43*AS43,0) -> 0 | AX43: =ROUNDUP(H43*AS43,0) -> 38 | AY43: =ROUNDUP(J43*AS43,0) -> 0 | BB43: =AQ43-AW43-AX43-AY43 -> 22
A44: ='ENTRY SHEET'!F44 -> OD09AE-5513 DMC | B44: ='01'!C44 -> 3951.6 | C44: 3956.7 | D44: =C44-B44 -> 5.1 | E44: 12 | G44: =D44-H44-I44 -> 5.1 | Q44: =F44+G44+H44+I44+J44+K44+L44+M44+N44+O44+P44 -> 5.1 | R44: ='01'!S44 -> 22721 | S44: 22762.7 | T44: =S44-R44 -> 41.7 | U44: 8 | V44: 6 | Y44: =X44+W44+V44+U44 -> 14 | AG44: =Z44+AA44+AB44+AC44+AD44+AE44+AF44 -> 0 | AL44: =AH44+AI44 -> 0 | AM44: =AJ44+AK44 -> 0 | AN44: ='01'!AR44 -> 100 | AP44: =AO44+AN44 -> 100 | AQ44: =AP44-AR44 -> 100 | AR44: 0 | AS44: =AQ44/D44 -> 19.607843 | AT44: ='01'!AT44 -> 0 | AU44: =AT44-AR44 -> 0 | AW44: =ROUNDUP(I44*AS44,0) -> 0 | AX44: =ROUNDUP(H44*AS44,0) -> 0 | AY44: =ROUNDUP(J44*AS44,0) -> 0 | BB44: =AQ44-AW44-AX44-AY44 -> 100
A45: ='ENTRY SHEET'!F45 -> OD09Z-5713 DMC | B45: ='01'!C45 -> 3786.1 | C45: 3791.2 | D45: =C45-B45 -> 5.1 | E45: 12 | G45: =D45-H45-I45 -> 5.1 | Q45: =F45+G45+H45+I45+J45+K45+L45+M45+N45+O45+P45 -> 5.1 | R45: ='01'!S45 -> 22194.9 | S45: 22233.1 | T45: =S45-R45 -> 38.2 | U45: 6 | V45: 4 | Y45: =X45+W45+V45+U45 -> 10 | AG45: =Z45+AA45+AB45+AC45+AD45+AE45+AF45 -> 0 | AL45: =AH45+AI45 -> 0 | AM45: =AJ45+AK45 -> 0 | AN45: ='01'!AR45 -> 0 | AO45: 82 | AP45: =AO45+AN45 -> 82 | AQ45: =AP45-AR45 -> 82 | AR45: 0 | AS45: =AQ45/D45 -> 16.078431 | AT45: ='01'!AT45 -> 0 | AU45: =AT45-AR45 -> 0 | AW45: =ROUNDUP(I45*AS45,0) -> 0 | AX45: =ROUNDUP(H45*AS45,0) -> 0 | AY45: =ROUNDUP(J45*AS45,0) -> 0 | BB45: =AQ45-AW45-AX45-AY45 -> 82
A46: ='ENTRY SHEET'!F46 -> OD09Z-5813 DMC | B46: ='01'!C46 -> 3673.9 | C46: 3681.5 | D46: =C46-B46 -> 7.6 | E46: 12 | G46: =D46-H46-I46 -> 7.6 | Q46: =F46+G46+H46+I46+J46+K46+L46+M46+N46+O46+P46 -> 7.6 | R46: ='01'!S46 -> 21175.1 | S46: 21215.4 | T46: =S46-R46 -> 40.3 | U46: 7 | V46: 7 | Y46: =X46+W46+V46+U46 -> 14 | AG46: =Z46+AA46+AB46+AC46+AD46+AE46+AF46 -> 0 | AL46: =AH46+AI46 -> 0 | AM46: =AJ46+AK46 -> 0 | AN46: ='01'!AR46 -> 0 | AO46: 95 | AP46: =AO46+AN46 -> 95 | AQ46: =AP46-AR46 -> 95 | AR46: 0 | AS46: =AQ46/D46 -> 12.5 | AT46: ='01'!AT46 -> 0 | AU46: =AT46-AR46 -> 0 | AW46: =ROUNDUP(I46*AS46,0) -> 0 | AX46: =ROUNDUP(H46*AS46,0) -> 0 | AY46: =ROUNDUP(J46*AS46,0) -> 0 | BB46: =AQ46-AW46-AX46-AY46 -> 95
A47: ='ENTRY SHEET'!F47 -> OD07AR-4113 DMC | B47: ='01'!C47 -> 8741 | C47: 8743 | D47: =C47-B47 -> 2 | E47: 12 | G47: =D47-H47-I47 -> 2 | Q47: =F47+G47+H47+I47+J47+K47+L47+M47+N47+O47+P47 -> 2 | R47: ='01'!S47 -> 48289.3 | S47: 48316.8 | T47: =S47-R47 -> 27.5 | U47: 3 | V47: 7 | Y47: =X47+W47+V47+U47 -> 10 | AG47: =Z47+AA47+AB47+AC47+AD47+AE47+AF47 -> 0 | AL47: =AH47+AI47 -> 0 | AM47: =AJ47+AK47 -> 0 | AN47: ='01'!AR47 -> 0 | AP47: =AO47+AN47 -> 0 | AQ47: =AP47-AR47 -> 0 | AR47: 0 | AS47: =AQ47/D47 -> 0 | AT47: ='01'!AT47 -> 0 | AU47: =AT47-AR47 -> 0 | AW47: =ROUNDUP(I47*AS47,0) -> 0 | AX47: =ROUNDUP(H47*AS47,0) -> 0 | AY47: =ROUNDUP(J47*AS47,0) -> 0 | BB47: =AQ47-AW47-AX47-AY47 -> 0
A48: ='ENTRY SHEET'!F48 -> OD09Z-5913 DMC | B48: ='01'!C48 -> 3808.8 | C48: 3816.1 | D48: =C48-B48 -> 7.3 | E48: 12 | G48: =D48-H48-I48 -> 7.3 | Q48: =F48+G48+H48+I48+J48+K48+L48+M48+N48+O48+P48 -> 7.3 | R48: ='01'!S48 -> 22048.1 | S48: 22092.2 | T48: =S48-R48 -> 44.1 | U48: 8 | V48: 7 | Y48: =X48+W48+V48+U48 -> 15 | AG48: =Z48+AA48+AB48+AC48+AD48+AE48+AF48 -> 0 | AL48: =AH48+AI48 -> 0 | AM48: =AJ48+AK48 -> 0 | AN48: ='01'!AR48 -> 0 | AO48: 123 | AP48: =AO48+AN48 -> 123 | AQ48: =AP48-AR48 -> 123 | AR48: 0 | AS48: =AQ48/D48 -> 16.849315 | AT48: ='01'!AT48 -> 0 | AU48: =AT48-AR48 -> 0 | AW48: =ROUNDUP(I48*AS48,0) -> 0 | AX48: =ROUNDUP(H48*AS48,0) -> 0 | AY48: =ROUNDUP(J48*AS48,0) -> 0 | BB48: =AQ48-AW48-AX48-AY48 -> 123
A49: ='ENTRY SHEET'!F49 -> OD09Z-5613 DMC | B49: ='01'!C49 -> 3817 | C49: 3822.6 | D49: =C49-B49 -> 5.6 | E49: 12 | G49: =D49-H49-I49 -> 5.6 | Q49: =F49+G49+H49+I49+J49+K49+L49+M49+N49+O49+P49 -> 5.6 | R49: ='01'!S49 -> 22795.4 | S49: 22835 | T49: =S49-R49 -> 39.6 | U49: 8 | V49: 6 | Y49: =X49+W49+V49+U49 -> 14 | AG49: =Z49+AA49+AB49+AC49+AD49+AE49+AF49 -> 0 | AL49: =AH49+AI49 -> 0 | AM49: =AJ49+AK49 -> 0 | AN49: ='01'!AR49 -> 0 | AO49: 73 | AP49: =AO49+AN49 -> 73 | AQ49: =AP49-AR49 -> 73 | AR49: 0 | AS49: =AQ49/D49 -> 13.035714 | AT49: ='01'!AT49 -> 0 | AU49: =AT49-AR49 -> 0 | AW49: =ROUNDUP(I49*AS49,0) -> 0 | AX49: =ROUNDUP(H49*AS49,0) -> 0 | AY49: =ROUNDUP(J49*AS49,0) -> 0 | BB49: =AQ49-AW49-AX49-AY49 -> 73
A50: ='ENTRY SHEET'!F50 -> JH06G-5437 | B50: ='01'!C50 -> 12086 | C50: 12093 | D50: =C50-B50 -> 7 | E50: 12 | G50: =D50-H50-I50 -> 7 | Q50: =F50+G50+H50+I50+J50+K50+L50+M50+N50+O50+P50 -> 7 | R50: ='01'!S50 -> 82284 | S50: 82316 | T50: =S50-R50 -> 32 | V50: 9 | Y50: =X50+W50+V50+U50 -> 9 | AG50: =Z50+AA50+AB50+AC50+AD50+AE50+AF50 -> 0 | AL50: =AH50+AI50 -> 0 | AM50: =AJ50+AK50 -> 0 | AN50: ='01'!AR50 -> 160 | AO50: 50 | AP50: =AO50+AN50 -> 210 | AQ50: =AP50-AR50 -> 55 | AR50: 155 | AS50: =AQ50/D50 -> 7.8571429 | AT50: ='01'!AT50 -> 0 | AU50: =AT50-AR50 -> -155 | AW50: =ROUNDUP(I50*AS50,0) -> 0 | AX50: =ROUNDUP(H50*AS50,0) -> 0 | AY50: =ROUNDUP(J50*AS50,0) -> 0 | BB50: =AQ50-AW50-AX50-AY50 -> 55
A51: ='ENTRY SHEET'!F51 -> OD09Z-1273 | B51: ='01'!C51 -> 0 | D51: =C51-B51 -> 0 | E51: 12 | G51: =D51-H51-I51 -> 0 | Q51: =F51+G51+H51+I51+J51+K51+L51+M51+N51+O51+P51 -> 0 | R51: ='01'!S51 -> 0 | T51: =S51-R51 -> 0 | Y51: =X51+W51+V51+U51 -> 0 | AG51: =Z51+AA51+AB51+AC51+AD51+AE51+AF51 -> 0 | AL51: =AH51+AI51 -> 0 | AM51: =AJ51+AK51 -> 0 | AN51: ='01'!AR51 -> 0 | AP51: =AO51+AN51 -> 0 | AQ51: =AP51-AR51 -> 0 | AS51: =AQ51/D51 -> #DIV/0! | AT51: ='01'!AT51 -> 0 | AU51: =AT51-AR51 -> 0 | AW51: =ROUNDUP(I51*AS51,0) -> #DIV/0! | AX51: =ROUNDUP(H51*AS51,0) -> #DIV/0! | AY51: =ROUNDUP(J51*AS51,0) -> #DIV/0! | BB51: =AQ51-AW51-AX51-AY51 -> #DIV/0!
A52: ='ENTRY SHEET'!F52 -> OD09Z-1274 | B52: ='01'!C52 -> 0 | D52: =C52-B52 -> 0 | E52: 12 | G52: =D52-H52-I52 -> 0 | Q52: =F52+G52+H52+I52+J52+K52+L52+M52+N52+O52+P52 -> 0 | R52: ='01'!S52 -> 0 | T52: =S52-R52 -> 0 | Y52: =X52+W52+V52+U52 -> 0 | AG52: =Z52+AA52+AB52+AC52+AD52+AE52+AF52 -> 0 | AL52: =AH52+AI52 -> 0 | AM52: =AJ52+AK52 -> 0 | AN52: ='01'!AR52 -> 0 | AP52: =AO52+AN52 -> 0 | AQ52: =AP52-AR52 -> 0 | AS52: =AQ52/D52 -> #DIV/0! | AT52: ='01'!AT52 -> 0 | AU52: =AT52-AR52 -> 0 | AW52: =ROUNDUP(I52*AS52,0) -> #DIV/0! | AX52: =ROUNDUP(H52*AS52,0) -> #DIV/0! | AY52: =ROUNDUP(J52*AS52,0) -> #DIV/0! | BB52: =AQ52-AW52-AX52-AY52 -> #DIV/0!
A53: ='ENTRY SHEET'!F53 -> OD09Z-1202 | B53: ='01'!C53 -> 0 | D53: =C53-B53 -> 0 | E53: 12 | G53: =D53-H53-I53 -> 0 | Q53: =F53+G53+H53+I53+J53+K53+L53+M53+N53+O53+P53 -> 0 | R53: ='01'!S53 -> 0 | T53: =S53-R53 -> 0 | Y53: =X53+W53+V53+U53 -> 0 | AG53: =Z53+AA53+AB53+AC53+AD53+AE53+AF53 -> 0 | AL53: =AH53+AI53 -> 0 | AM53: =AJ53+AK53 -> 0 | AN53: ='01'!AR53 -> 0 | AP53: =AO53+AN53 -> 0 | AQ53: =AP53-AR53 -> 0 | AS53: =AQ53/D53 -> #DIV/0! | AT53: ='01'!AT53 -> 0 | AU53: =AT53-AR53 -> 0 | AW53: =ROUNDUP(I53*AS53,0) -> #DIV/0! | AX53: =ROUNDUP(H53*AS53,0) -> #DIV/0! | AY53: =ROUNDUP(J53*AS53,0) -> #DIV/0! | BB53: =AQ53-AW53-AX53-AY53 -> #DIV/0!
A54: ='ENTRY SHEET'!F54 -> 0 | B54: ='01'!C54 -> 0 | D54: =C54-B54 -> 0 | E54: 12 | G54: =D54-H54-I54 -> 0 | Q54: =F54+G54+H54+I54+J54+K54+L54+M54+N54+O54+P54 -> 0 | R54: ='01'!S54 -> 0 | T54: =S54-R54 -> 0 | Y54: =X54+W54+V54+U54 -> 0 | AG54: =Z54+AA54+AB54+AC54+AD54+AE54+AF54 -> 0 | AL54: =AH54+AI54 -> 0 | AM54: =AJ54+AK54 -> 0 | AN54: ='01'!AR54 -> 0 | AP54: =AO54+AN54 -> 0 | AQ54: =AP54-AR54 -> 0 | AS54: =AQ54/D54 -> #DIV/0! | AT54: ='01'!AT54 -> 0 | AU54: =AT54-AR54 -> 0 | AW54: =ROUNDUP(I54*AS54,0) -> #DIV/0! | AX54: =ROUNDUP(H54*AS54,0) -> #DIV/0! | AY54: =ROUNDUP(J54*AS54,0) -> #DIV/0! | BB54: =AQ54-AW54-AX54-AY54 -> #DIV/0!
A55: ='ENTRY SHEET'!F55 -> 0 | B55: ='01'!C55 -> 0 | D55: =C55-B55 -> 0 | E55: 12 | G55: =D55-H55-I55 -> 0 | Q55: =F55+G55+H55+I55+J55+K55+L55+M55+N55+O55+P55 -> 0 | R55: ='01'!S55 -> 0 | T55: =S55-R55 -> 0 | Y55: =X55+W55+V55+U55 -> 0 | AG55: =Z55+AA55+AB55+AC55+AD55+AE55+AF55 -> 0 | AL55: =AH55+AI55 -> 0 | AM55: =AJ55+AK55 -> 0 | AN55: ='01'!AR55 -> 0 | AP55: =AO55+AN55 -> 0 | AQ55: =AP55-AR55 -> 0 | AS55: =AQ55/D55 -> #DIV/0! | AT55: ='01'!AT55 -> 0 | AU55: =AT55-AR55 -> 0 | AW55: =ROUNDUP(I55*AS55,0) -> #DIV/0! | AX55: =ROUNDUP(H55*AS55,0) -> #DIV/0! | AY55: =ROUNDUP(J55*AS55,0) -> #DIV/0! | BB55: =AQ55-AW55-AX55-AY55 -> #DIV/0!
A56: ='ENTRY SHEET'!F56 -> 0 | B56: ='01'!C56 -> 0 | D56: =C56-B56 -> 0 | E56: 12 | G56: =D56-H56-I56 -> 0 | Q56: =F56+G56+H56+I56+J56+K56+L56+M56+N56+O56+P56 -> 0 | R56: ='01'!S56 -> 0 | T56: =S56-R56 -> 0 | Y56: =X56+W56+V56+U56 -> 0 | AG56: =Z56+AA56+AB56+AC56+AD56+AE56+AF56 -> 0 | AL56: =AH56+AI56 -> 0 | AM56: =AJ56+AK56 -> 0 | AN56: ='01'!AR56 -> 0 | AP56: =AO56+AN56 -> 0 | AQ56: =AP56-AR56 -> 0 | AS56: =AQ56/D56 -> #DIV/0! | AT56: ='01'!AT56 -> 0 | AU56: =AT56-AR56 -> 0 | AW56: =ROUNDUP(I56*AS56,0) -> #DIV/0! | AX56: =ROUNDUP(H56*AS56,0) -> #DIV/0! | AY56: =ROUNDUP(J56*AS56,0) -> #DIV/0! | BB56: =AQ56-AW56-AX56-AY56 -> #DIV/0!
A57: ='ENTRY SHEET'!F57 -> OD09P-6973 W.TANKER | B57: ='01'!C57 -> 4673.9 | C57: 4679 | D57: =C57-B57 -> 5.1 | E57: 12 | G57: =D57-H57-I57 -> 5.1 | Q57: =F57+G57+H57+I57+J57+K57+L57+M57+N57+O57+P57 -> 5.1 | R57: ='01'!S57 -> 52342.3 | S57: 52385.1 | T57: =S57-R57 -> 42.8 | Y57: =X57+W57+V57+U57 -> 0 | AG57: =Z57+AA57+AB57+AC57+AD57+AE57+AF57 -> 0 | AL57: =AH57+AI57 -> 0 | AM57: =AJ57+AK57 -> 0 | AN57: ='01'!AR57 -> 50 | AO57: 100 | AP57: =AO57+AN57 -> 150 | AQ57: =AP57-AR57 -> 50 | AR57: 100 | AS57: =AQ57/D57 -> 9.8039216 | AT57: ='01'!AT57 -> 260 | AU57: =AT57-AR57 -> 160 | AW57: =ROUNDUP(I57*AS57,0) -> 0 | AX57: =ROUNDUP(H57*AS57,0) -> 0 | AY57: =ROUNDUP(J57*AS57,0) -> 0 | BB57: =AQ57-AW57-AX57-AY57 -> 50
A58: ='ENTRY SHEET'!F58 -> OD09K-2512 W.TANKER | B58: ='01'!C58 -> 3020.2 | C58: 3024.2 | D58: =C58-B58 -> 4 | E58: 12 | G58: =D58-H58-I58 -> 4 | Q58: =F58+G58+H58+I58+J58+K58+L58+M58+N58+O58+P58 -> 4 | R58: ='01'!S58 -> 44112.3 | S58: 44164.1 | T58: =S58-R58 -> 51.8 | U58: 10 | Y58: =X58+W58+V58+U58 -> 10 | AG58: =Z58+AA58+AB58+AC58+AD58+AE58+AF58 -> 0 | AL58: =AH58+AI58 -> 0 | AM58: =AJ58+AK58 -> 0 | AN58: ='01'!AR58 -> 70 | AP58: =AO58+AN58 -> 70 | AQ58: =AP58-AR58 -> 50 | AR58: 20 | AS58: =AQ58/D58 -> 12.5 | AT58: ='01'!AT58 -> 250 | AU58: =AT58-AR58 -> 230 | AW58: =ROUNDUP(I58*AS58,0) -> 0 | AX58: =ROUNDUP(H58*AS58,0) -> 0 | AY58: =ROUNDUP(J58*AS58,0) -> 0 | BB58: =AQ58-AW58-AX58-AY58 -> 50
A59: ='ENTRY SHEET'!F59 -> 0 | B59: ='01'!C59 -> 0 | D59: =C59-B59 -> 0 | E59: 12 | G59: =D59-H59-I59 -> 0 | Q59: =F59+G59+H59+I59+J59+K59+L59+M59+N59+O59+P59 -> 0 | R59: ='01'!S59 -> 0 | T59: =S59-R59 -> 0 | Y59: =X59+W59+V59+U59 -> 0 | AG59: =Z59+AA59+AB59+AC59+AD59+AE59+AF59 -> 0 | AL59: =AH59+AI59 -> 0 | AM59: =AJ59+AK59 -> 0 | AN59: ='01'!AR59 -> 0 | AP59: =AO59+AN59 -> 0 | AQ59: =AP59-AR59 -> 0 | AS59: =AQ59/D59 -> #DIV/0! | AT59: ='01'!AT59 -> 0 | AU59: =AT59-AR59 -> 0 | AW59: =ROUNDUP(I59*AS59,0) -> #DIV/0! | AX59: =ROUNDUP(H59*AS59,0) -> #DIV/0! | AY59: =ROUNDUP(J59*AS59,0) -> #DIV/0! | BB59: =AQ59-AW59-AX59-AY59 -> #DIV/0!
A60: ='ENTRY SHEET'!F60 -> DILLING DETALIS | B60: CMR | D60: TOTAL HOURS | E60: PLAN HRS | F60: Breakfast & Lunch hrs | G60: MINES RHS | H60: REHANDLING HRS | I60: SHIFTING HRS | J60: CRUSHER HRS | K60: SCREEN PLANT | L60: LOKO TRACK | M60: IDEL HRS | N60: BREAKDOWN HRS | O60: Marching HRS | P60: Mining Development hrs | Q60: TOTAL HRS | R60: MTRS | S60: HOLE | T60: HARD MTRS | U60: BHQ MTRS | V60: NORMAL | W60: TOTAL MTRS | AG60: =Z60+AA60+AB60+AC60+AD60+AE60+AF60 -> 0 | AN60: ='01'!AR60 -> 0 | AP60: =AO60+AN60 -> 0 | AQ60: =AP60-AR60 -> 0 | AW60: =ROUNDUP(I60*AS60,0) -> #VALUE! | AX60: =ROUNDUP(H60*AS60,0) -> #VALUE! | AY60: =ROUNDUP(J60*AS60,0) -> #VALUE! | BB60: =AQ60-AW60-AX60-AY60 -> #VALUE!
A61: ='ENTRY SHEET'!F61 -> DRILL-ELGI-650 | B61: ='01'!C61 -> 767.4 | C61: 769.4 | D61: =C61-B61 -> 2 | E61: 12 | Q61: =F61+G61+H61+I61+J61+K61+L61+M61+N61+O61+P61 -> 0 | R61: 30.4 | S61: 8 | U61: 30.4 | W61: =+T61+U61+V61 -> 30.4 | AG61: =Z61+AA61+AB61+AC61+AD61+AE61+AF61 -> 0 | AN61: ='01'!AR61 -> 0 | AO61: 348 | AP61: =AO61+AN61 -> 348 | AQ61: =AP61-AR61 -> 348 | AS61: =AQ61/D61 -> 174 | AT61: ='01'!AT61 -> 400 | AU61: =AT61-AR61 -> 400 | AW61: =ROUNDUP(I61*AS61,0) -> 0 | AX61: =ROUNDUP(H61*AS61,0) -> 0 | AY61: =ROUNDUP(J61*AS61,0) -> 0 | BB61: =AQ61-AW61-AX61-AY61 -> 348
A62: ='ENTRY SHEET'!F62 -> JRD-600+CD-360 | B62: ='01'!C62 -> 329.1 | C62: 335.9 | D62: =C62-B62 -> 6.8 | E62: 12 | Q62: =F62+G62+H62+I62+J62+K62+L62+M62+N62+O62+P62 -> 0 | R62: 78 | S62: 36 | U62: 78 | W62: =+T62+U62+V62 -> 78 | AG62: =Z62+AA62+AB62+AC62+AD62+AE62+AF62 -> 0 | AN62: ='01'!AR62 -> 0 | AO62: 270 | AP62: =AO62+AN62 -> 270 | AQ62: =AP62-AR62 -> 270 | AS62: =AQ62/D62 -> 39.705882 | AT62: ='01'!AT62 -> 400 | AU62: =AT62-AR62 -> 400 | AW62: =ROUNDUP(I62*AS62,0) -> 0 | AX62: =ROUNDUP(H62*AS62,0) -> 0 | AY62: =ROUNDUP(J62*AS62,0) -> 0 | BB62: =AQ62-AW62-AX62-AY62 -> 270
A63: ='ENTRY SHEET'!F63 -> JRD-450+650-1 | B63: ='01'!C63 -> 8179.9 | C63: 8185.5 | D63: =C63-B63 -> 5.6 | E63: 12 | Q63: =F63+G63+H63+I63+J63+K63+L63+M63+N63+O63+P63 -> 0 | R63: 115.6 | S63: 17 | U63: 115.6 | W63: =+T63+U63+V63 -> 115.6 | AG63: =Z63+AA63+AB63+AC63+AD63+AE63+AF63 -> 0 | AN63: ='01'!AR63 -> 0 | AO63: 120 | AP63: =AO63+AN63 -> 120 | AQ63: =AP63-AR63 -> 120 | AS63: =AQ63/D63 -> 21.428571 | AT63: ='01'!AT63 -> 400 | AU63: =AT63-AR63 -> 400 | AW63: =ROUNDUP(I63*AS63,0) -> 0 | AX63: =ROUNDUP(H63*AS63,0) -> 0 | AY63: =ROUNDUP(J63*AS63,0) -> 0 | BB63: =AQ63-AW63-AX63-AY63 -> 120
A64: ='ENTRY SHEET'!F64 -> 0 | B64: ='01'!C64 -> 0 | D64: =C64-B64 -> 0 | E64: 12 | Q64: =F64+G64+H64+I64+J64+K64+L64+M64+N64+O64+P64 -> 0 | W64: =+T64+U64+V64 -> 0 | AG64: =Z64+AA64+AB64+AC64+AD64+AE64+AF64 -> 0 | AN64: ='01'!AR64 -> 0 | AP64: =AO64+AN64 -> 0 | AQ64: =AP64-AR64 -> 0 | AS64: =AQ64/D64 -> #DIV/0! | AT64: ='01'!AT64 -> 400 | AU64: =AT64-AR64 -> 400 | AW64: =ROUNDUP(I64*AS64,0) -> #DIV/0! | AX64: =ROUNDUP(H64*AS64,0) -> #DIV/0! | AY64: =ROUNDUP(J64*AS64,0) -> #DIV/0! | BB64: =AQ64-AW64-AX64-AY64 -> #DIV/0!
A65: ='ENTRY SHEET'!F65 -> CRUSHER DETAILS | B65: CMR | D65: TOTAL HOURS | E65: PLAN HRS | F65: Breakfast & Lunch hrs | G65: MINES RHS | H65: REHANDLING HRS | I65: SHIFTING HRS | J65: CRUSHER HRS | K65: SCREEN PLANT | L65: LOKO TRACK | M65: IDEL HRS | N65: BREAKDOWN HRS | O65: Marching HRS | P65: Mining Development hrs | Q65: TOTAL HRS | R65: TOTAL MT | S65: CLO (Approximately) | T65: Fines (Approximately) | U65: Received(ROM) | V65: Received(Blue Dust) | W65: SCREEN TO CRUSHER | Y65: Total Received Trips | Z65: ROM TRIP | AA65: 10\40 TRIP | AB65: FINES TRIP | AC65: LR TRIP | AD65: SUBGRADE TO CRUSHER | AE65: SCREEN TO CRUSHER | AF65: OB TRIPS | AG65: REHANDLING TRIP | AH65: 10\40 TRIP | AI65: FINES TRIP | AJ65: 10\40 MT | AK65: FINES MT | AL65: TOTAL SIFTING TRIP | AM65: TOTAL SIFTING TONES | AN65: ='01'!AR65 -> 0 | AP65: =AO65+AN65 -> 0 | AQ65: =AP65-AR65 -> 0 | AW65: =ROUNDUP(I65*AS65,0) -> #VALUE! | AX65: =ROUNDUP(H65*AS65,0) -> #VALUE! | AY65: =ROUNDUP(J65*AS65,0) -> #VALUE! | BB65: =AQ65-AW65-AX65-AY65 -> #VALUE!
A66: ='ENTRY SHEET'!F66 -> CRUSHER(FEEDER) | B66: ='01'!C66 -> 1655.68 | C66: 1665.97 | D66: =C66-B66 -> 10.29 | E66: 16 | J66: =D66-G66-H66-I66-K66-L66-O66-P66-F66-M66-N66 -> 10.29 | Q66: =F66+G66+H66+I66+J66+K66+L66+M66+N66+O66+P66 -> 10.29 | R66: 1500 | S66: 750 | T66: =R66-S66 -> 750 | Y66: =U66+V66+W66+X66 -> 0 | AG66: =Z66+AA66+AB66+AC66+AD66+AE66+AF66 -> 0 | AN66: ='01'!AR66 -> 0 | AP66: =AO66+AN66 -> 0 | AQ66: =AP66-AR66 -> 0 | AS66: =AQ66/D66 -> 0 | AT66: ='01'!AT66 -> 0 | AU66: =AT66-AR66 -> 0 | AW66: =ROUNDUP(I66*AS66,0) -> 0 | AX66: =ROUNDUP(H66*AS66,0) -> 0 | AY66: =ROUNDUP(J66*AS66,0) -> 0 | BB66: =AQ66-AW66-AX66-AY66 -> 0
A67: ='ENTRY SHEET'!F67 -> CRUSHER ( JAW ) | B67: ='01'!C67 -> 13426 | C67: 13436 | D67: =C67-B67 -> 10 | E67: 16 | J67: =D67-G67-H67-I67-K67-L67-O67-P67-F67-M67-N67 -> 10 | Q67: =F67+G67+H67+I67+J67+K67+L67+M67+N67+O67+P67 -> 10 | Y67: =U67+V67+W67+X67 -> 0 | AG67: =Z67+AA67+AB67+AC67+AD67+AE67+AF67 -> 0 | AN67: ='01'!AR67 -> 0 | AP67: =AO67+AN67 -> 0 | AQ67: =AP67-AR67 -> 0 | AS67: =AQ67/D67 -> 0 | AT67: ='01'!AT67 -> 0 | AU67: =AT67-AR67 -> 0 | AW67: =ROUNDUP(I67*AS67,0) -> 0 | AX67: =ROUNDUP(H67*AS67,0) -> 0 | AY67: =ROUNDUP(J67*AS67,0) -> 0 | BB67: =AQ67-AW67-AX67-AY67 -> 0
A68: ='ENTRY SHEET'!F68 -> CRUSHER ( CONE ) | B68: ='01'!C68 -> 13497 | C68: 13508 | D68: =C68-B68 -> 11 | E68: 16 | J68: =D68-G68-H68-I68-K68-L68-O68-P68-F68-M68-N68 -> 11 | Q68: =F68+G68+H68+I68+J68+K68+L68+M68+N68+O68+P68 -> 11 | Y68: =U68+V68+W68+X68 -> 0 | AG68: =Z68+AA68+AB68+AC68+AD68+AE68+AF68 -> 0 | AN68: ='01'!AR68 -> 0 | AP68: =AO68+AN68 -> 0 | AQ68: =AP68-AR68 -> 0 | AS68: =AQ68/D68 -> 0 | AT68: ='01'!AT68 -> 0 | AU68: =AT68-AR68 -> 0 | AW68: =ROUNDUP(I68*AS68,0) -> 0 | AX68: =ROUNDUP(H68*AS68,0) -> 0 | AY68: =ROUNDUP(J68*AS68,0) -> 0 | BB68: =AQ68-AW68-AX68-AY68 -> 0
A69: ='ENTRY SHEET'!F69 -> CRUSHER DG | B69: ='01'!C69 -> 17180.14 | C69: 17188.21 | D69: =C69-B69 -> 8.07 | E69: 16 | J69: =D69-G69-H69-I69-K69-L69-O69-P69-F69-M69-N69 -> 8.07 | Q69: =F69+G69+H69+I69+J69+K69+L69+M69+N69+O69+P69 -> 8.07 | Y69: =U69+V69+W69+X69 -> 0 | AG69: =Z69+AA69+AB69+AC69+AD69+AE69+AF69 -> 0 | AL69: =AH69+AI69 -> 0 | AM69: =AJ69+AK69 -> 0 | AN69: ='01'!AR69 -> 533 | AO69: 200 | AP69: =AO69+AN69 -> 733 | AQ69: =AP69-AR69 -> 296 | AR69: 437 | AS69: =AQ69/D69 -> 36.679058 | AT69: ='01'!AT69 -> 1000 | AU69: =AT69-AR69 -> 563 | AW69: =ROUNDUP(I69*AS69,0) -> 0 | AX69: =ROUNDUP(H69*AS69,0) -> 0 | AY69: =ROUNDUP(J69*AS69,0) -> 296 | BB69: =AQ69-AW69-AX69-AY69 -> 0
A70: ='ENTRY SHEET'!F70 -> KAMASTU-210 | B70: ='01'!C70 -> 25783.4 | C70: 25792.1 | D70: =C70-B70 -> 8.7 | E70: 16 | H70: 1.1 | J70: =D70-G70-H70-I70-K70-L70-O70-P70-F70-M70-N70 -> 7.6 | Q70: =F70+G70+H70+I70+J70+K70+L70+M70+N70+O70+P70 -> 8.7 | Y70: =U70+V70+W70+X70 -> 0 | AB70: 8 | AC70: 3 | AG70: =Z70+AA70+AB70+AC70+AD70+AE70+AF70 -> 11 | AL70: =AH70+AI70 -> 0 | AM70: =AJ70+AK70 -> 0 | AN70: ='01'!AR70 -> 260 | AP70: =AO70+AN70 -> 260 | AQ70: =AP70-AR70 -> 145 | AR70: 115 | AS70: =AQ70/D70 -> 16.666667 | AT70: ='01'!AT70 -> 340 | AU70: =AT70-AR70 -> 225 | AW70: =ROUNDUP(I70*AS70,0) -> 0 | AX70: =ROUNDUP(H70*AS70,0) -> 19 | AY70: =ROUNDUP(J70*AS70,0) -> 127 | BB70: =AQ70-AW70-AX70-AY70 -> -1 | BC70: 64
A71: ='ENTRY SHEET'!F71 -> JCB-8262 LOADER | B71: ='01'!C71 -> 15989.5 | C71: 16002.7 | D71: =C71-B71 -> 13.2 | E71: 16 | I71: 2.6 | J71: 0 | P71: 10.6 | Q71: =F71+G71+H71+I71+J71+K71+L71+M71+N71+O71+P71 -> 13.2 | Y71: =U71+V71+W71+X71 -> 0 | AG71: =Z71+AA71+AB71+AC71+AD71+AE71+AF71 -> 0 | AL71: =AH71+AI71 -> 0 | AM71: =AJ71+AK71 -> 0 | AN71: ='01'!AR71 -> 80 | AO71: 190 | AP71: =AO71+AN71 -> 270 | AQ71: =AP71-AR71 -> 180 | AR71: 90 | AS71: =AQ71/D71 -> 13.636364 | AT71: ='01'!AT71 -> 210 | AU71: =AT71-AR71 -> 120 | AV71: 10.2 HRS WOOK SHIFTING | AW71: =ROUNDUP(I71*AS71,0) -> 36 | AX71: =ROUNDUP(H71*AS71,0) -> 0 | AY71: =ROUNDUP(J71*AS71,0) -> 0 | BB71: =AQ71-AW71-AX71-AY71 -> 144
A72: ='ENTRY SHEET'!F72 -> OD09C-5609 JCB | B72: ='01'!C72 -> 16595.5 | C72: 16595.5 | D72: =C72-B72 -> 0 | E72: 16 | J72: =D72-G72-H72-I72-K72-L72-O72-P72-F72-M72-N72 -> 0 | Q72: =F72+G72+H72+I72+J72+K72+L72+M72+N72+O72+P72 -> 0 | Y72: =U72+V72+W72+X72 -> 0 | AG72: =Z72+AA72+AB72+AC72+AD72+AE72+AF72 -> 0 | AL72: =AH72+AI72 -> 0 | AM72: =AJ72+AK72 -> 0 | AN72: ='01'!AR72 -> 165 | AP72: =AO72+AN72 -> 165 | AQ72: =AP72-AR72 -> 0 | AR72: 165 | AS72: =AQ72/D72 -> #DIV/0! | AT72: ='01'!AT72 -> 210 | AU72: =AT72-AR72 -> 45 | AW72: =ROUNDUP(I72*AS72,0) -> #DIV/0! | AX72: =ROUNDUP(H72*AS72,0) -> #DIV/0! | AY72: =ROUNDUP(J72*AS72,0) -> #DIV/0! | BB72: =AQ72-AW72-AX72-AY72 -> #DIV/0!
A73: ='ENTRY SHEET'!F73 -> TATA LOADER-OD02AY-0516 | B73: ='01'!C73 -> 15507.7 | C73: 15507.7 | D73: =C73-B73 -> 0 | J73: =D73-G73-H73-I73-K73-L73-O73-P73-F73-M73-N73 -> 0 | Q73: =F73+G73+H73+I73+J73+K73+L73+M73+N73+O73+P73 -> 0 | Y73: =U73+V73+W73+X73 -> 0 | AG73: =Z73+AA73+AB73+AC73+AD73+AE73+AF73 -> 0 | AL73: =AH73+AI73 -> 0 | AM73: =AJ73+AK73 -> 0 | AN73: ='01'!AR73 -> 100 | AP73: =AO73+AN73 -> 100 | AQ73: =AP73-AR73 -> 0 | AR73: 100 | AS73: =AQ73/D73 -> #DIV/0! | AT73: ='01'!AT73 -> 0 | AU73: =AT73-AR73 -> -100 | AW73: =ROUNDUP(I73*AS73,0) -> #DIV/0! | AX73: =ROUNDUP(H73*AS73,0) -> #DIV/0! | AY73: =ROUNDUP(J73*AS73,0) -> #DIV/0! | BB73: =AQ73-AW73-AX73-AY73 -> #DIV/0!
A74: ='ENTRY SHEET'!F74 -> POWER SCREEN DETAILS | B74: CMR | D74: TOTAL HOURS | E74: PLAN HRS | F74: Breakfast & Lunch hrs | G74: MINES RHS | H74: REHANDLING HRS | I74: SHIFTING HRS | J74: CRUSHER HRS | K74: SCREEN PLANT | L74: LOKO TRACK | M74: IDEL HRS | N74: BREAKDOWN HRS | O74: Marching HRS | P74: Mining Development hrs | Q74: TOTAL HRS | R74: TOTAL MT | S74: CLO(Approximately) | T74: Fines(Approx) | U74: Received(ROM) | V74: Received(Blue Dust) | Y74: Total Received Trips | Z74: ROM TRIP | AA74: 10\40 TRIP | AB74: FINES TRIP | AC74: LR TRIP | AD74: SUBGRADE TO CRUSHER | AE74: SCREEN TO CRUSHER | AF74: OB TRIPS | AG74: REHANDLING TRIP | AI74: FINES TRIP | AK74: FINES MT | AL74: TOTAL SIFTING TRIP | AM74: TOTAL SIFTING TONES | AN74: ='01'!AR74 -> 0 | AP74: =AO74+AN74 -> 0 | AQ74: =AP74-AR74 -> 0 | AT74: ='01'!AT74 -> 0 | AW74: =ROUNDUP(I74*AS74,0) -> #VALUE! | AX74: =ROUNDUP(H74*AS74,0) -> #VALUE! | AY74: =ROUNDUP(J74*AS74,0) -> #VALUE! | BB74: =AQ74-AW74-AX74-AY74 -> #VALUE!
A75: ='ENTRY SHEET'!F75 -> POWER SCREEN RHS | B75: ='01'!C75 -> 4403.2 | C75: 4403.2 | D75: =C75-B75 -> 0 | E75: 12 | Q75: =F75+G75+H75+I75+J75+K75+L75+M75+N75+O75+P75 -> 0 | Y75: =X75+W75+V75+U75 -> 0 | AG75: =Z75+AA75+AB75+AC75+AD75+AE75+AF75 -> 0 | AL75: =AH75+AI75 -> 0 | AM75: =AJ75+AK75 -> 0 | AN75: ='01'!AR75 -> 271 | AP75: =AO75+AN75 -> 271 | AQ75: =AP75-AR75 -> 0 | AR75: 271 | AS75: =AQ75/D75 -> #DIV/0! | AT75: ='01'!AT75 -> 0 | AU75: =AT75-AR75 -> -271 | AW75: =ROUNDUP(I75*AS75,0) -> #DIV/0! | AX75: =ROUNDUP(H75*AS75,0) -> #DIV/0! | AY75: =ROUNDUP(J75*AS75,0) -> #DIV/0! | BB75: =AQ75-AW75-AX75-AY75 -> #DIV/0! | BC75: =AP75 -> 271
A76: ='ENTRY SHEET'!F76 -> HITACHI-120 | B76: ='01'!C76 -> 13060 | C76: 13068.1 | D76: =C76-B76 -> 8.1 | E76: 12 | L76: 8.1 | Q76: =F76+G76+H76+I76+J76+K76+L76+M76+N76 -> 8.1 | Y76: =X76+W76+V76+U76 -> 0 | AG76: =Z76+AA76+AB76+AC76+AD76+AE76+AF76 -> 0 | AL76: =AH76+AI76 -> 0 | AM76: =AJ76+AK76 -> 0 | AN76: ='01'!AR76 -> 170 | AO76: 102 | AP76: =AO76+AN76 -> 272 | AQ76: =AP76-AR76 -> 82 | AR76: 190 | AS76: =AQ76/D76 -> 10.123457 | AT76: ='01'!AT76 -> 700 | AU76: =AT76-AR76 -> 510 | AW76: =ROUNDUP(I76*AS76,0) -> 0 | AX76: =ROUNDUP(H76*AS76,0) -> 0 | AY76: =ROUNDUP(J76*AS76,0) -> 0 | BB76: =AQ76-AW76-AX76-AY76 -> 82
A77: ='ENTRY SHEET'!F77 -> L-6268 SDLG | B77: ='01'!C77 -> 0 | D77: =C77-B77 -> 0 | E77: 12 | Q77: =F77+G77+H77+I77+J77+K77+L77+M77+N77 -> 0 | Y77: =X77+W77+V77+U77 -> 0 | AG77: =Z77+AA77+AB77+AC77+AD77+AE77+AF77 -> 0 | AL77: =AH77+AI77 -> 0 | AM77: =AJ77+AK77 -> 0 | AN77: ='01'!AR77 -> 0 | AP77: =AO77+AN77 -> 0 | AQ77: =AP77-AR77 -> 0 | AS77: =AQ77/D77 -> #DIV/0! | AT77: ='01'!AT77 -> 0 | AU77: =AT77-AR77 -> 0 | AW77: =ROUNDUP(I77*AS77,0) -> #DIV/0! | AX77: =ROUNDUP(H77*AS77,0) -> #DIV/0! | AY77: =ROUNDUP(J77*AS77,0) -> #DIV/0! | BB77: =AQ77-AW77-AX77-AY77 -> #DIV/0!
A78: ='ENTRY SHEET'!F78 -> VICHELE NO. | B78: OMR | D78: TOTAL HOURS | E78: PLAN HRS | F78: Breakfast & Lunch hrs | G78: MINES RHS | H78: REHANDLING HRS | I78: SHIFTING HRS | J78: CRUSHER HRS | K78: SCREEN PLANT | L78: LOKO TRACK | M78: IDEL HRS | N78: BREAKDOWN HRS | O78: Marching HRS | P78: Mining Development hrs | Q78: TOTAL HRS | R78: TOTAL MT (Approx) | S78: Fines(Approx-60%) | T78: 5*18 (Approx_30%) | U78: Received(ROM) | V78: Received(Blue Dust) | W78: SUBGRADE TO CRUSHER | Y78: Total Received Trips | Z78: ROM TRIP | AA78: 10\40 TRIP | AB78: FINES TRIP | AC78: LR TRIP | AD78: SUBGRADE TO CRUSHER | AE78: SCREEN TO CRUSHER | AF78: OB TRIPS | AG78: REHANDLING TRIP | AH78: 10\40 TRIP | AI78: FINES TRIP | AJ78: 10\40 MT | AK78: FINES MT | AL78: TOTAL SIFTING TRIP | AM78: TOTAL SIFTING TONES | AN78: ='01'!AR78 -> 0 | AP78: =AO78+AN78 -> 0 | AQ78: =AP78-AR78 -> 0 | AS78: =AQ78/D78 -> #VALUE! | AT78: ='01'!AT78 -> 0 | AU78: =AT78-AR78 -> 0 | AW78: =ROUNDUP(I78*AS78,0) -> #VALUE! | AX78: =ROUNDUP(H78*AS78,0) -> #VALUE! | AY78: =ROUNDUP(J78*AS78,0) -> #VALUE! | BB78: =AQ78-AW78-AX78-AY78 -> #VALUE!
A79: ='ENTRY SHEET'!F79 -> LOKO TRACK JAW | B79: ='01'!C79 -> 16147 | C79: 16155 | D79: =C79-B79 -> 8 | E79: 12 | L79: =D79-G79-H79-I79-J79-K79-M79-N79-O79-P79 -> 8 | Q79: =G79+H79+I79+J79+P79+K79+L79+M79+N79+O79+F79 -> 8 | R79: 0 | Z79: =+V79+W79+X79 -> 0 | AG79: =Z79+AA79+AB79+AC79+AD79+AE79+AF79 -> 0 | AL79: =AH79+AI79 -> 0 | AM79: =AJ79+AK79 -> 0 | AN79: ='01'!AR79 -> 430 | AP79: =AO79+AN79 -> 430 | AQ79: =AP79-AR79 -> 140 | AR79: 290 | AS79: =AQ79/D79 -> 17.5 | AT79: ='01'!AT79 -> 0 | AU79: =AT79-AR79 -> -290 | AW79: =ROUNDUP(I79*AS79,0) -> 0 | AX79: =ROUNDUP(H79*AS79,0) -> 0 | AY79: =ROUNDUP(J79*AS79,0) -> 0 | BB79: =AQ79-AW79-AX79-AY79 -> 140
A80: ='ENTRY SHEET'!F80 -> LOKO CONE | B80: ='01'!C80 -> 16727 | C80: 16734 | D80: =C80-B80 -> 7 | E80: 12 | L80: =D80-G80-H80-I80-J80-K80-M80-N80-O80-P80 -> 7 | Q80: =G80+H80+I80+J80+P80+K80+L80+M80+N80+O80+F80 -> 7 | R80: 200 | S80: 100 | T80: 100 | Z80: =+V80+W80+X80 -> 0 | AG80: =Z80+AA80+AB80+AC80+AD80+AE80+AF80 -> 0 | AL80: =AH80+AI80 -> 0 | AM80: =AJ80+AK80 -> 0 | AN80: ='01'!AR80 -> 700 | AP80: =AO80+AN80 -> 700 | AQ80: =AP80-AR80 -> 210 | AR80: 490 | AS80: =AQ80/D80 -> 30 | AT80: ='01'!AT80 -> 0 | AU80: =AT80-AR80 -> -490 | AW80: =ROUNDUP(I80*AS80,0) -> 0 | AX80: =ROUNDUP(H80*AS80,0) -> 0 | AY80: =ROUNDUP(J80*AS80,0) -> 0 | BB80: =AQ80-AW80-AX80-AY80 -> 210
A81: ='ENTRY SHEET'!F81 -> KOMASTU-200 | B81: ='01'!C81 -> 3349.2 | C81: 3358.9 | D81: =C81-B81 -> 9.7 | E81: 12 | J81: 9.7 | L81: =D81-G81-H81-I81-J81-K81-M81-N81-O81-P81 -> 2.7355895e-13 | Q81: =G81+H81+I81+J81+P81+K81+L81+M81+N81+O81+F81 -> 9.7 | R81: 0 | Z81: =+V81+W81+X81 -> 0 | AG81: =Z81+AA81+AB81+AC81+AD81+AE81+AF81 -> 0 | AL81: =AH81+AI81 -> 0 | AM81: =AJ81+AK81 -> 0 | AN81: ='01'!AR81 -> 275 | AO81: 117 | AP81: =AO81+AN81 -> 392 | AQ81: =AP81-AR81 -> 127 | AR81: 265 | AS81: =AQ81/D81 -> 13.092784 | AT81: ='01'!AT81 -> 0 | AU81: =AT81-AR81 -> -265 | AV81: NW CRUSHER FEED | AW81: =ROUNDUP(I81*AS81,0) -> 0 | AX81: =ROUNDUP(H81*AS81,0) -> 0 | AY81: =ROUNDUP(J81*AS81,0) -> 127 | BB81: =AQ81-AW81-AX81-AY81 -> 0
A82: ='ENTRY SHEET'!F82 -> 0 | B82: ='01'!C82 -> 0 | D82: =C82-B82 -> 0 | E82: =D82-C82 -> 0 | Q82: =F82+G82+H82+I82+J82+K82+L82+M82+N82 -> 0 | R82: 0 | Z82: =+V82+W82+X82 -> 0 | AG82: =Z82+AA82+AB82+AC82+AD82+AE82+AF82 -> 0 | AL82: =AH82+AI82 -> 0 | AM82: =AJ82+AK82 -> 0 | AN82: ='01'!AR82 -> 0 | AP82: =AO82+AN82 -> 0 | AQ82: =AP82-AR82 -> 0 | AS82: =AQ82/D82 -> #DIV/0! | AT82: ='01'!AT82 -> 0 | AU82: =AT82-AR82 -> 0 | AW82: =ROUNDUP(I82*AS82,0) -> #DIV/0! | AX82: =ROUNDUP(H82*AS82,0) -> #DIV/0! | AY82: =ROUNDUP(J82*AS82,0) -> #DIV/0! | BB82: =AQ82-AW82-AX82-AY82 -> #DIV/0!
A83: ='ENTRY SHEET'!F83 -> 0 | B83: ='01'!C83 -> 0 | D83: =C83-B83 -> 0 | E83: =D83-C83 -> 0 | L83: =G83-H83-I83-J83-K83-M83-N83-O83-P83-F83 -> 0 | Q83: =F83+G83+H83+I83+J83+K83+L83+M83+N83 -> 0 | R83: 0 | Z83: =+V83+W83+X83 -> 0 | AG83: =Z83+AA83+AB83+AC83+AD83+AE83+AF83 -> 0 | AL83: =AH83+AI83 -> 0 | AM83: =AJ83+AK83 -> 0 | AN83: ='01'!AR83 -> 0 | AP83: =AO83+AN83 -> 0 | AQ83: =AP83-AR83 -> 0 | AS83: =AQ83/D83 -> #DIV/0! | AT83: ='01'!AT83 -> 0 | AU83: =AT83-AR83 -> 0 | AW83: =ROUNDUP(I83*AS83,0) -> #DIV/0! | AX83: =ROUNDUP(H83*AS83,0) -> #DIV/0! | AY83: =ROUNDUP(J83*AS83,0) -> #DIV/0! | BB83: =AQ83-AW83-AX83-AY83 -> #DIV/0!
A84: ='ENTRY SHEET'!F84 -> 0 | B84: ='01'!C84 -> 0 | D84: =C84-B84 -> 0 | E84: =D84-C84 -> 0 | L84: =G84-H84-I84-J84-K84-M84-N84-O84-P84-F84 -> 0 | Q84: =F84+G84+H84+I84+J84+K84+L84+M84+N84 -> 0 | R84: 0 | Z84: =+V84+W84+X84 -> 0 | AG84: =Z84+AA84+AB84+AC84+AD84+AE84+AF84 -> 0 | AL84: =AH84+AI84 -> 0 | AM84: =AJ84+AK84 -> 0 | AN84: ='01'!AR84 -> 0 | AP84: =AO84+AN84 -> 0 | AQ84: =AP84-AR84 -> 0 | AS84: =AQ84/D84 -> #DIV/0! | AT84: ='01'!AT84 -> 0 | AU84: =AT84-AR84 -> 0 | AW84: =ROUNDUP(I84*AS84,0) -> #DIV/0! | AX84: =ROUNDUP(H84*AS84,0) -> #DIV/0! | AY84: =ROUNDUP(J84*AS84,0) -> #DIV/0! | BB84: =AQ84-AW84-AX84-AY84 -> #DIV/0!
A85: ='ENTRY SHEET'!F85 -> OD09P-2986 (CAMPAR) | B85: ='01'!C85 -> 0 | D85: =C85-B85 -> 0 | Q85: =F85+G85+H85+I85+J85+K85+L85+M85+N85 -> 0 | AN85: ='01'!AR85 -> 0 | AP85: =AO85+AN85 -> 0 | AQ85: =AP85-AR85 -> 0 | AS85: =AQ85/D85 -> #DIV/0! | AT85: ='01'!AT85 -> 60 | AU85: =AT85-AR85 -> 60 | AW85: =ROUNDUP(I85*AS85,0) -> #DIV/0! | AX85: =ROUNDUP(H85*AS85,0) -> #DIV/0! | AY85: =ROUNDUP(J85*AS85,0) -> #DIV/0! | BB85: =AQ85-AW85-AX85-AY85 -> #DIV/0!
A86: ='ENTRY SHEET'!F86 -> JH06P-6214 SCORPIO | B86: 183300 | C86: 183370 | D86: =C86-B86 -> 70 | Q86: =F86+G86+H86+I86+J86+K86+L86+M86+N86 -> 0 | AN86: ='01'!AR86 -> 30 | AP86: =AO86+AN86 -> 30 | AQ86: =AP86-AR86 -> 7 | AR86: 23 | AS86: =AQ86/D86 -> 0.1 | AT86: ='01'!AT86 -> 80 | AU86: =AT86-AR86 -> 57 | AW86: =ROUNDUP(I86*AS86,0) -> 0 | AX86: =ROUNDUP(H86*AS86,0) -> 0 | AY86: =ROUNDUP(J86*AS86,0) -> 0 | BB86: =AQ86-AW86-AX86-AY86 -> 7
A87: ='ENTRY SHEET'!F87 -> OD09K-7213 BSM BUS | B87: ='01'!C87 -> 0 | D87: =C87-B87 -> 0 | Q87: =F87+G87+H87+I87+J87+K87+L87-E87 -> 0 | AN87: ='01'!AR87 -> 90 | AP87: =AO87+AN87 -> 90 | AQ87: =AP87-AR87 -> 10 | AR87: 80 | AS87: =AQ87/D87 -> #DIV/0! | AT87: ='01'!AT87 -> 60 | AU87: =AT87-AR87 -> -20 | AW87: =ROUNDUP(I87*AS87,0) -> #DIV/0! | AX87: =ROUNDUP(H87*AS87,0) -> #DIV/0! | AY87: =ROUNDUP(J87*AS87,0) -> #DIV/0! | BB87: =AQ87-AW87-AX87-AY87 -> #DIV/0!
A88: ='ENTRY SHEET'!F88 -> OD09G-6065 CAMPER | B88: ='01'!C88 -> 166051 | C88: 166115 | D88: =C88-B88 -> 64 | Q88: =F88+G88+H88+I88+J88+K88+L88-E88 -> 0 | AN88: ='01'!AR88 -> 47 | AP88: =AO88+AN88 -> 47 | AQ88: =AP88-AR88 -> 6 | AR88: 41 | AS88: =AQ88/D88 -> 0.09375 | AT88: ='01'!AT88 -> 120 | AU88: =AT88-AR88 -> 79 | AW88: =ROUNDUP(I88*AS88,0) -> 0 | AX88: =ROUNDUP(H88*AS88,0) -> 0 | AY88: =ROUNDUP(J88*AS88,0) -> 0 | BB88: =AQ88-AW88-AX88-AY88 -> 6
A89: ='ENTRY SHEET'!F89 -> OD09V-5619 TATA YODHA | B89: ='01'!C89 -> 45558 | C89: 45639 | D89: =C89-B89 -> 81 | Q89: =F89+G89+H89+I89+J89+K89+L89-E89 -> 0 | AN89: ='01'!AR89 -> 40 | AP89: =AO89+AN89 -> 40 | AQ89: =AP89-AR89 -> 8 | AR89: 32 | AS89: =AQ89/D89 -> 0.098765432 | AT89: ='01'!AT89 -> 60 | AU89: =AT89-AR89 -> 28 | AW89: =ROUNDUP(I89*AS89,0) -> 0 | AX89: =ROUNDUP(H89*AS89,0) -> 0 | AY89: =ROUNDUP(J89*AS89,0) -> 0 | BB89: =AQ89-AW89-AX89-AY89 -> 8
A90: ='ENTRY SHEET'!F90 -> WATER PUMP | B90: ='01'!C90 -> 0 | D90: =C90-B90 -> 0 | Q90: =F90+G90+H90+I90+J90+K90+L90-E90 -> 0 | AN90: ='01'!AR90 -> 0 | AO90: 10 | AP90: =AO90+AN90 -> 10 | AQ90: =AP90-AR90 -> 10 | AR90: 0 | AS90: =AQ90/D90 -> #DIV/0! | AT90: ='01'!AT90 -> 0 | AU90: =AT90-AR90 -> 0 | AW90: =ROUNDUP(I90*AS90,0) -> #DIV/0! | AX90: =ROUNDUP(H90*AS90,0) -> #DIV/0! | AY90: =ROUNDUP(J90*AS90,0) -> #DIV/0! | BB90: =AQ90-AW90-AX90-AY90 -> #DIV/0!
A91: ='ENTRY SHEET'!F91 -> JH06H-6198 D.TANKER | B91: ='01'!C91 -> 15472 | C91: 15477 | D91: =C91-B91 -> 5 | Q91: =F91+G91+H91+I91+J91+K91+L91-E91 -> 0 | AN91: ='01'!AR91 -> 80 | AP91: =AO91+AN91 -> 80 | AQ91: =AP91-AR91 -> 30 | AR91: 50 | AS91: =AQ91/D91 -> 6 | AT91: ='01'!AT91 -> 0 | AU91: =AT91-AR91 -> -50 | AW91: =ROUNDUP(I91*AS91,0) -> 0 | AX91: =ROUNDUP(H91*AS91,0) -> 0 | AY91: =ROUNDUP(J91*AS91,0) -> 0 | BB91: =AQ91-AW91-AX91-AY91 -> 30
A92: ='ENTRY SHEET'!F92 -> OMC DG (NIGHT USE) | B92: ='01'!C92 -> 0 | D92: =C92-B92 -> 0 | Q92: =F92+G92+H92+I92+J92+K92+L92-E92 -> 0 | AN92: ='01'!AR92 -> 0 | AP92: =AO92+AN92 -> 0 | AQ92: =AP92-AR92 -> 0 | AS92: =AQ92/D92 -> #DIV/0! | AT92: ='01'!AT92 -> 0 | AU92: =AT92-AR92 -> 0 | AW92: =ROUNDUP(I92*AS92,0) -> #DIV/0! | AX92: =ROUNDUP(H92*AS92,0) -> #DIV/0! | AY92: =ROUNDUP(J92*AS92,0) -> #DIV/0! | BB92: =AQ92-AW92-AX92-AY92 -> #DIV/0!
A93: ='ENTRY SHEET'!F93 -> HYDRA CRANE-1686 | B93: ='01'!C93 -> 0 | D93: =C93-B93 -> 0 | Q93: =F93+G93+H93+I93+J93+K93+L93-E93 -> 0 | AN93: ='01'!AR93 -> 0 | AP93: =AO93+AN93 -> 0 | AQ93: =AP93-AR93 -> 0 | AS93: =AQ93/D93 -> #DIV/0! | AT93: ='01'!AT93 -> 0 | AU93: =AT93-AR93 -> 0 | AW93: =ROUNDUP(I93*AS93,0) -> #DIV/0! | AX93: =ROUNDUP(H93*AS93,0) -> #DIV/0! | AY93: =ROUNDUP(J93*AS93,0) -> #DIV/0! | BB93: =AQ93-AW93-AX93-AY93 -> #DIV/0!
A94: ='ENTRY SHEET'!F94 -> 0 | B94: ='01'!C94 -> 0 | D94: =C94-B94 -> 0 | Q94: =F94+G94+H94+I94+J94+K94+L94-E94 -> 0 | AN94: ='01'!AR94 -> 0 | AP94: =AO94+AN94 -> 0 | AQ94: =AP94-AR94 -> 0 | AS94: =AQ94/D94 -> #DIV/0! | AT94: ='01'!AT94 -> 0 | AU94: =AT94-AR94 -> 0 | AW94: 0 | AX94: 0 | AY94: 0 | AZ94: 0 | BA94: 0 | BB94: =AQ94-AW94-AX94-AY94 -> 0
A95: ='ENTRY SHEET'!F95 -> 0 | B95: ='01'!C95 -> 0 | D95: =C95-B95 -> 0 | AN95: ='01'!AR95 -> 0 | AP95: =AO95+AN95 -> 0 | AQ95: =AP95-AR95 -> 0 | AS95: =AQ95/D95 -> #DIV/0! | AT95: ='01'!AT95 -> 0 | AU95: =AT95-AR95 -> 0 | AW95: 0 | AX95: 0 | AY95: 0 | AZ95: 0 | BA95: 0 | BB95: =AQ95-AW95-AX95-AY95 -> 0
A96: ='ENTRY SHEET'!F96 -> 0 | B96: ='01'!C96 -> 0 | D96: =C96-B96 -> 0 | AN96: ='01'!AR96 -> 0 | AP96: =AO96+AN96 -> 0 | AQ96: =AP96-AR96 -> 0 | AS96: =AQ96/D96 -> #DIV/0! | AT96: ='01'!AT96 -> 0 | AU96: =AT96-AR96 -> 0 | AW96: 0 | AX96: 0 | AY96: 0 | AZ96: 0 | BA96: 0 | BB96: =AQ96-AW96-AX96-AY96 -> 0
A97: ='ENTRY SHEET'!F97 -> 0 | B97: ='01'!C97 -> 0 | D97: =C97-B97 -> 0 | AN97: ='01'!AR97 -> 0 | AP97: =AO97+AN97 -> 0 | AQ97: =AP97-AR97 -> 0 | AS97: =AQ97/D97 -> #DIV/0! | AT97: ='01'!AT97 -> 0 | AU97: =AT97-AR97 -> 0 | AW97: 0 | AX97: 0 | AY97: 0 | AZ97: 0 | BA97: 0 | BB97: =AQ97-AW97-AX97-AY97 -> 0
A98: ='ENTRY SHEET'!F98 -> 0 | B98: ='01'!C98 -> 0 | D98: =C98-B98 -> 0 | AN98: ='01'!AR98 -> 0 | AP98: =AO98+AN98 -> 0 | AQ98: =AP98-AR98 -> 0 | AS98: =AQ98/D98 -> #DIV/0! | AT98: ='01'!AT98 -> 0 | AU98: =AT98-AR98 -> 0 | AW98: 0 | AX98: 0 | AY98: 0 | AZ98: 0 | BA98: 0 | BB98: =AQ98-AW98-AX98-AY98 -> 0
A99: ='ENTRY SHEET'!F99 -> 0 | B99: ='01'!C99 -> 0 | D99: =C99-B99 -> 0 | AN99: ='01'!AR99 -> 0 | AP99: =AO99+AN99 -> 0 | AQ99: =AP99-AR99 -> 0 | AS99: =AQ99/D99 -> #DIV/0! | AT99: ='01'!AT99 -> 0 | AU99: =AT99-AR99 -> 0 | AW99: 0 | AX99: 0 | AY99: 0 | AZ99: 0 | BA99: 0 | BB99: =AQ99-AW99-AX99-AY99 -> 0
A100: ='ENTRY SHEET'!F100 -> 0 | B100: ='01'!C100 -> 0 | D100: =C100-B100 -> 0 | AN100: ='01'!AR100 -> 0 | AP100: =AO100+AN100 -> 0 | AQ100: =AP100-AR100 -> 0 | AS100: =AQ100/D100 -> #DIV/0! | AT100: ='01'!AT100 -> 0 | AU100: =AT100-AR100 -> 0 | AW100: 0 | AX100: 0 | AY100: 0 | AZ100: 0 | BA100: 0 | BB100: =AQ100-AW100-AX100-AY100 -> 0
...

Sheet 03
A1: ='ENTRY SHEET'!G1 -> DAILY REPORT OF APRIL-2026
R2: DATE: | S2: ='02'!S2+1 -> 46115
B3: HOUR METER | R3: KILO METER | U3: MINES TRIPS | Z3: REHANDLING C.PLANT | AH3: SIFTING TRIP | AN3: H.S.D REPORT | AW3: HSD Consumption Details
A4: VICHELE NO. | B4: OMR | C4: CMR | D4: TOTAL HOURS | E4: PLAN HRS | F4: Breakfast & Lunch hrs | G4: MINES RHS | H4: REHANDLING HRS | I4: SHIFTING HRS | J4: CRUSHER HRS | K4: SCREEN PLANT | L4: LOKO TRACK | M4: BREAKING HRS | N4: BREAKDOWN HRS | O4: Marching HRS | P4: Mining Development hrs | Q4: TOTAL HRS | R4: OMR | S4: CMR | T4: TOTAL KM | U4: ROM TRIPS | V4: OB TRIPS | W4: S.ORE | X4: BD | Y4: TOTAL TRIPS | Z4: ROM TRIP | AA4: 10\40 TRIP | AB4: FINES TRIP | AC4: LR TRIP | AD4: SUBGRADE TO CRUSHER | AE4: SCREEN TO CRUSHER | AF4: OB TRIPS | AG4: REHANDLING TRIP | AH4: 10\40 TRIP | AI4: FINES TRIP | AJ4: 10\40 MT | AK4: FINES MT | AL4: TOTAL SIFTING TRIP | AM4: TOTAL SIFTING TONES | AN4: OPENING BALANCE | AO4: ISSUE H.S.D | AP4: TOTAL H.S.D | AQ4: Diesel Consumption | AR4: CLOSING BALANCE | AS4: PER HRS CONS. | AT4: Tank capacity | AU4: Tanking Full Required | AV4: REMARKS | AW4: SHIFTING | AX4: Rehandling | AY4: NW | AZ4: LOKA | BA4: BHP | BB4: MINES | BC4: POWER
A5: ='ENTRY SHEET'!F5 -> VOLVO 300-2 | B5: ='02'!C5 -> 21964.1 | C5: 21971.1 | D5: =C5-B5 -> 7 | E5: 12 | G5: =D5-H5-I5-J5-K5-L5-M5-N5-O5-P5 -> 0 | M5: 7 | Q5: =F5+G5+H5+I5+J5+K5+L5+M5+N5+O5+P5 -> 7 | Y5: =X5+W5+V5+U5 -> 0 | AG5: =Z5+AA5+AB5+AC5+AD5+AE5+AF5 -> 0 | AL5: =AH5+AI5 -> 0 | AM5: =AJ5+AK5 -> 0 | AN5: ='02'!AR5 -> 350 | AO5: 150 | AP5: =AO5+AN5 -> 500 | AQ5: =AP5-AR5 -> 140 | AR5: 360 | AS5: =AQ5/D5 -> 20 | AT5: ='01'!AT5 -> 470 | AU5: =AT5-AR5 -> 110 | AW5: =ROUNDUP(I5*AS5,0) -> 0 | AX5: =ROUNDUP(H5*AS5,0) -> 0 | AY5: =ROUNDUP(J5*AS5,0) -> 0 | AZ5: =AS5*L5 -> 0 | BC5: =AS5*K5 -> 0
A6: ='ENTRY SHEET'!F6 -> VOLVO-300-7 | B6: ='02'!C6 -> 17663.6 | C6: 17670.1 | D6: =C6-B6 -> 6.5 | E6: 12 | G6: =D6-H6-I6-J6-K6-L6-M6-N6-O6-P6 -> 6.5 | Q6: =F6+G6+H6+I6+J6+K6+L6+M6+N6+O6+P6 -> 6.5 | V6: 34 | X6: 32 | Y6: =X6+W6+V6+U6 -> 66 | AG6: =Z6+AA6+AB6+AC6+AD6+AE6+AF6 -> 0 | AL6: =AH6+AI6 -> 0 | AM6: =AJ6+AK6 -> 0 | AN6: ='02'!AR6 -> 190 | AO6: 130 | AP6: =AO6+AN6 -> 320 | AQ6: =AP6-AR6 -> 80 | AR6: 240 | AS6: =AQ6/D6 -> 12.307692 | AT6: ='01'!AT6 -> 470 | AU6: =AT6-AR6 -> 230 | AW6: =ROUNDUP(I6*AS6,0) -> 0 | AX6: =ROUNDUP(H6*AS6,0) -> 0 | AY6: =ROUNDUP(J6*AS6,0) -> 0 | AZ6: =AS6*L6 -> 0 | BC6: =AS6*K6 -> 0
A7: ='ENTRY SHEET'!F7 -> HITACHI-350 | B7: ='02'!C7 -> 15801.3 | C7: 15807.3 | D7: =C7-B7 -> 6 | E7: 12 | G7: =D7-H7-I7-J7-K7-L7-M7-N7-O7-P7 -> 0 | H7: 6 | Q7: =F7+G7+H7+I7+J7+K7+L7+M7+N7+O7+P7 -> 6 | Y7: =X7+W7+V7+U7 -> 0 | AD7: 49 | AG7: =Z7+AA7+AB7+AC7+AD7+AE7+AF7 -> 49 | AL7: =AH7+AI7 -> 0 | AM7: =AJ7+AK7 -> 0 | AN7: ='02'!AR7 -> 348 | AO7: 270 | AP7: =AO7+AN7 -> 618 | AQ7: =AP7-AR7 -> 180 | AR7: 438 | AS7: =AQ7/D7 -> 30 | AT7: ='01'!AT7 -> 630 | AU7: =AT7-AR7 -> 192 | AW7: =ROUNDUP(I7*AS7,0) -> 0 | AX7: =ROUNDUP(H7*AS7,0) -> 180 | AY7: =ROUNDUP(J7*AS7,0) -> 0 | AZ7: =AS7*L7 -> 0 | BC7: =AS7*K7 -> 0
A8: ='ENTRY SHEET'!F8 -> VOLVO-480 | B8: ='02'!C8 -> 0 | D8: 8 | E8: 12 | G8: =D8-H8-I8-J8-K8-L8-M8-N8-O8-P8 -> 8 | Q8: =F8+G8+H8+I8+J8+K8+L8+M8+N8+O8+P8 -> 8 | V8: 63 | Y8: =X8+W8+V8+U8 -> 63 | AG8: =Z8+AA8+AB8+AC8+AD8+AE8+AF8 -> 0 | AL8: =AH8+AI8 -> 0 | AM8: =AJ8+AK8 -> 0 | AN8: ='02'!AR8 -> 150 | AO8: 310 | AP8: =AO8+AN8 -> 460 | AQ8: =AP8-AR8 -> 280 | AR8: 180 | AS8: =AQ8/D8 -> 35 | AT8: ='01'!AT8 -> 650 | AU8: =AT8-AR8 -> 470 | AW8: =ROUNDUP(I8*AS8,0) -> 0 | AX8: =ROUNDUP(H8*AS8,0) -> 0 | AY8: =ROUNDUP(J8*AS8,0) -> 0 | AZ8: =AS8*L8 -> 0 | BC8: =AS8*K8 -> 0
A9: ='ENTRY SHEET'!F9 -> KOMASTU-350 DMC | B9: ='02'!C9 -> 12592 | C9: 12601.5 | D9: =C9-B9 -> 9.5 | E9: 12 | G9: =D9-H9-I9-J9-K9-L9-M9-N9-O9-P9 -> 9.5 | Q9: =F9+G9+H9+I9+J9+K9+L9+M9+N9+O9+P9 -> 9.5 | U9: 65 | V9: 2 | Y9: =X9+W9+V9+U9 -> 67 | AG9: =Z9+AA9+AB9+AC9+AD9+AE9+AF9 -> 0 | AL9: =AH9+AI9 -> 0 | AM9: =AJ9+AK9 -> 0 | AN9: ='02'!AR9 -> 0 | AP9: =AO9+AN9 -> 0 | AQ9: =AP9-AR9 -> 0 | AS9: =AQ9/D9 -> 0 | AT9: ='01'!AT9 -> 0 | AU9: =AT9-AR9 -> 0 | AW9: =ROUNDUP(I9*AS9,0) -> 0 | AX9: =ROUNDUP(H9*AS9,0) -> 0 | AY9: =ROUNDUP(J9*AS9,0) -> 0 | AZ9: =AS9*L9 -> 0 | BC9: =AS9*K9 -> 0
A10: ='ENTRY SHEET'!F10 -> VOLVO-300(5) | B10: ='02'!C10 -> 0 | D10: =C10-B10 -> 0 | E10: 12 | G10: =D10-H10-I10-J10-K10-L10-M10-N10-O10-P10 -> 0 | Q10: =F10+G10+H10+I10+J10+K10+L10+M10+N10+O10+P10 -> 0 | Y10: =X10+W10+V10+U10 -> 0 | AG10: =Z10+AA10+AB10+AC10+AD10+AE10+AF10 -> 0 | AL10: =AH10+AI10 -> 0 | AM10: =AJ10+AK10 -> 0 | AN10: ='02'!AR10 -> 0 | AP10: =AO10+AN10 -> 0 | AQ10: =AP10-AR10 -> 0 | AS10: =AQ10/D10 -> #DIV/0! | AT10: ='01'!AT10 -> 0 | AU10: =AT10-AR10 -> 0 | AW10: =ROUNDUP(I10*AS10,0) -> #DIV/0! | AX10: =ROUNDUP(H10*AS10,0) -> #DIV/0! | AY10: =ROUNDUP(J10*AS10,0) -> #DIV/0! | AZ10: =AS10*L10 -> #DIV/0! | BC10: =AS10*K10 -> #DIV/0!
A11: ='ENTRY SHEET'!F11 -> VOLVO-380 | B11: ='02'!C11 -> 0 | D11: =C11-B11 -> 0 | E11: 12 | G11: =D11-H11-I11-J11-K11-L11-M11-N11-O11-P11 -> 0 | Q11: =F11+G11+H11+I11+J11+K11+L11+M11+N11+O11+P11 -> 0 | Y11: =X11+W11+V11+U11 -> 0 | AG11: =Z11+AA11+AB11+AC11+AD11+AE11+AF11 -> 0 | AL11: =AH11+AI11 -> 0 | AM11: =AJ11+AK11 -> 0 | AN11: ='02'!AR11 -> 0 | AP11: =AO11+AN11 -> 0 | AQ11: =AP11-AR11 -> 0 | AS11: =AQ11/D11 -> #DIV/0! | AT11: ='01'!AT11 -> 0 | AU11: =AT11-AR11 -> 0 | AW11: =ROUNDUP(I11*AS11,0) -> #DIV/0! | AX11: =ROUNDUP(H11*AS11,0) -> #DIV/0! | AY11: =ROUNDUP(J11*AS11,0) -> #DIV/0! | AZ11: =AS11*L11 -> #DIV/0! | BC11: =AS11*K11 -> #DIV/0!
A12: ='ENTRY SHEET'!F12 -> DOZZER D65E | B12: ='02'!C12 -> 2228.7 | C12: 2229 | D12: =C12-B12 -> 0.3 | E12: 12 | G12: =D12-H12-I12-J12-K12-L12-M12-N12-O12-P12 -> 0.3 | Q12: =F12+G12+H12+I12+J12+K12+L12+M12+N12+O12+P12 -> 0.3 | Y12: =X12+W12+V12+U12 -> 0 | AG12: =Z12+AA12+AB12+AC12+AD12+AE12+AF12 -> 0 | AL12: =AH12+AI12 -> 0 | AM12: =AJ12+AK12 -> 0 | AN12: ='02'!AR12 -> 120 | AP12: =AO12+AN12 -> 120 | AQ12: =AP12-AR12 -> 5 | AR12: 115 | AS12: =AQ12/D12 -> 16.666667 | AT12: ='01'!AT12 -> 350 | AU12: =AT12-AR12 -> 235 | AW12: =ROUNDUP(I12*AS12,0) -> 0 | AX12: =ROUNDUP(H12*AS12,0) -> 0 | AY12: =ROUNDUP(J12*AS12,0) -> 0 | AZ12: =AS12*L12 -> 0 | BC12: =AS12*K12 -> 0
A13: ='ENTRY SHEET'!F13 -> BD 85 DOZER | B13: ='02'!C13 -> 235.1 | C13: 242.7 | D13: =C13-B13 -> 7.6 | E13: 12 | G13: =D13-H13-I13-J13-K13-L13-M13-N13-O13-P13 -> 7.6 | Q13: =F13+G13+H13+I13+J13+K13+L13+M13+N13+O13+P13 -> 7.6 | Y13: =X13+W13+V13+U13 -> 0 | AG13: =Z13+AA13+AB13+AC13+AD13+AE13+AF13 -> 0 | AL13: =AH13+AI13 -> 0 | AM13: =AJ13+AK13 -> 0 | AN13: ='02'!AR13 -> 285 | AO13: 150 | AP13: =AO13+AN13 -> 435 | AQ13: =AP13-AR13 -> 260 | AR13: 175 | AS13: =AQ13/D13 -> 34.210526 | AT13: ='01'!AT13 -> 350 | AU13: =AT13-AR13 -> 175 | AW13: =ROUNDUP(I13*AS13,0) -> 0 | AX13: =ROUNDUP(H13*AS13,0) -> 0 | AY13: =ROUNDUP(J13*AS13,0) -> 0 | AZ13: =AS13*L13 -> 0 | BC13: =AS13*K13 -> 0
A14: ='ENTRY SHEET'!F14 -> KOBELCO-380 DMCS | B14: ='02'!C14 -> 0 | D14: =C14-B14 -> 0 | E14: 12 | G14: =D14-H14-I14-J14-K14-L14-M14-N14-O14-P14 -> 0 | Q14: =F14+G14+H14+I14+J14+K14+L14+M14+N14+O14+P14 -> 0 | Y14: =X14+W14+V14+U14 -> 0 | AG14: =Z14+AA14+AB14+AC14+AD14+AE14+AF14 -> 0 | AL14: =AH14+AI14 -> 0 | AM14: =AJ14+AK14 -> 0 | AN14: ='02'!AR14 -> 0 | AP14: =AO14+AN14 -> 0 | AQ14: =AP14-AR14 -> 0 | AS14: =AQ14/D14 -> #DIV/0! | AT14: ='01'!AT14 -> 350 | AU14: =AT14-AR14 -> 350 | AW14: =ROUNDUP(I14*AS14,0) -> #DIV/0! | AX14: =ROUNDUP(H14*AS14,0) -> #DIV/0! | AY14: =ROUNDUP(J14*AS14,0) -> #DIV/0! | AZ14: =AS14*L14 -> #DIV/0! | BC14: =AS14*K14 -> #DIV/0!
A15: ='ENTRY SHEET'!F15 -> GRADER OD09P-1732 | B15: ='02'!C15 -> 4551.5 | C15: 4556.6 | D15: =C15-B15 -> 5.1 | E15: 12 | G15: =D15-H15-I15-J15-K15-L15-M15-N15-O15-P15 -> 5.1 | Q15: =F15+G15+H15+I15+J15+K15+L15+M15+N15+O15+P15 -> 5.1 | Y15: =X15+W15+V15+U15 -> 0 | AG15: =Z15+AA15+AB15+AC15+AD15+AE15+AF15 -> 0 | AL15: =AH15+AI15 -> 0 | AM15: =AJ15+AK15 -> 0 | AN15: ='02'!AR15 -> 70 | AP15: =AO15+AN15 -> 70 | AQ15: =AP15-AR15 -> 40 | AR15: 30 | AS15: =AQ15/D15 -> 7.8431373 | AT15: ='01'!AT15 -> 350 | AU15: =AT15-AR15 -> 320 | AW15: =ROUNDUP(I15*AS15,0) -> 0 | AX15: =ROUNDUP(H15*AS15,0) -> 0 | AY15: =ROUNDUP(J15*AS15,0) -> 0 | AZ15: =AS15*L15 -> 0 | BC15: =AS15*K15 -> 0
A16: ='ENTRY SHEET'!F16 -> 0 | B16: ='02'!C16 -> 0 | D16: =C16-B16 -> 0 | E16: 12 | Q16: =F16+G16+H16+I16+J16+K16+L16+M16+N16+O16+P16 -> 0 | Y16: =X16+W16+V16+U16 -> 0 | AG16: =Z16+AA16+AB16+AC16+AD16+AE16+AF16 -> 0 | AL16: =AH16+AI16 -> 0 | AM16: =AJ16+AK16 -> 0 | AN16: ='02'!AR16 -> 0 | AP16: =AO16+AN16 -> 0 | AQ16: =AP16-AR16 -> 0 | AS16: =AQ16/D16 -> #DIV/0! | AT16: ='01'!AT16 -> 0 | AU16: =AT16-AR16 -> 0 | AW16: =ROUNDUP(I16*AS16,0) -> #DIV/0! | AX16: =ROUNDUP(H16*AS16,0) -> #DIV/0! | AY16: =ROUNDUP(J16*AS16,0) -> #DIV/0! | AZ16: =AS16*L16 -> #DIV/0! | BC16: =AS16*K16 -> #DIV/0!
A17: ='ENTRY SHEET'!F17 -> OD09C-1962 | B17: ='02'!C17 -> 20692.6 | C17: 20692.6 | D17: =C17-B17 -> 0 | E17: 12 | G17: =D17-H17-I17 -> 0 | Q17: =F17+G17+H17+I17+J17+K17+L17+M17+N17+O17+P17 -> 0 | R17: ='02'!S17 -> 156139.3 | S17: 156139.3 | T17: =S17-R17 -> 0 | Y17: =X17+W17+V17+U17 -> 0 | AG17: =Z17+AA17+AB17+AC17+AD17+AE17+AF17 -> 0 | AL17: =AH17+AI17 -> 0 | AM17: =AJ17+AK17 -> 0 | AN17: ='02'!AR17 -> 115 | AP17: =AO17+AN17 -> 115 | AQ17: =AP17-AR17 -> 0 | AR17: 115 | AS17: =AQ17/D17 -> #DIV/0! | AT17: ='01'!AT17 -> 250 | AU17: =AT17-AR17 -> 135 | AW17: =ROUNDUP(I17*AS17,0) -> #DIV/0! | AX17: =ROUNDUP(H17*AS17,0) -> #DIV/0! | AY17: =ROUNDUP(J17*AS17,0) -> #DIV/0! | AZ17: =AS17*L17 -> #DIV/0! | BC17: =AS17*K17 -> #DIV/0!
A18: ='ENTRY SHEET'!F18 -> OD09C-1964 | B18: ='02'!C18 -> 14395.05 | C18: 14401.3 | D18: =C18-B18 -> 6.25 | E18: 12 | G18: =D18-H18-I18 -> 0 | H18: =401.3-395.05 -> 6.25 | Q18: =F18+G18+H18+I18+J18+K18+L18+M18+N18+O18+P18 -> 6.25 | R18: ='02'!S18 -> 152493.9 | S18: 152531.5 | T18: =S18-R18 -> 37.6 | Y18: =X18+W18+V18+U18 -> 0 | AD18: 14 | AG18: =Z18+AA18+AB18+AC18+AD18+AE18+AF18 -> 14 | AL18: =AH18+AI18 -> 0 | AM18: =AJ18+AK18 -> 0 | AN18: ='02'!AR18 -> 110 | AO18: 50 | AP18: =AO18+AN18 -> 160 | AQ18: =AP18-AR18 -> 40 | AR18: 120 | AS18: =AQ18/D18 -> 6.4 | AT18: ='01'!AT18 -> 250 | AU18: =AT18-AR18 -> 130 | AW18: =ROUNDUP(I18*AS18,0) -> 0 | AX18: =ROUNDUP(H18*AS18,0) -> 40 | AY18: =ROUNDUP(J18*AS18,0) -> 0 | AZ18: =AS18*L18 -> 0 | BC18: =AS18*K18 -> 0
A19: ='ENTRY SHEET'!F19 -> OD09C1965 | B19: ='02'!C19 -> 16565.8 | C19: 16565.8 | D19: =C19-B19 -> 0 | E19: 12 | G19: =D19-H19-I19 -> 0 | Q19: =F19+G19+H19+I19+J19+K19+L19+M19+N19+O19+P19 -> 0 | R19: ='02'!S19 -> 166053.3 | S19: 166053.3 | T19: =S19-R19 -> 0 | Y19: =X19+W19+V19+U19 -> 0 | AG19: =Z19+AA19+AB19+AC19+AD19+AE19+AF19 -> 0 | AL19: =AH19+AI19 -> 0 | AM19: =AJ19+AK19 -> 0 | AN19: ='02'!AR19 -> 0 | AP19: =AO19+AN19 -> 0 | AQ19: =AP19-AR19 -> 0 | AS19: =AQ19/D19 -> #DIV/0! | AT19: ='01'!AT19 -> 250 | AU19: =AT19-AR19 -> 250 | AW19: =ROUNDUP(I19*AS19,0) -> #DIV/0! | AX19: =ROUNDUP(H19*AS19,0) -> #DIV/0! | AY19: =ROUNDUP(J19*AS19,0) -> #DIV/0! | AZ19: =AS19*L19 -> #DIV/0! | BC19: =AS19*K19 -> #DIV/0!
A20: ='ENTRY SHEET'!F20 -> ODO9C5136 | B20: ='02'!C20 -> 17052.5 | C20: 17052.5 | D20: =C20-B20 -> 0 | E20: 12 | G20: =D20-H20-I20 -> 0 | Q20: =F20+G20+H20+I20+J20+K20+L20+M20+N20+O20+P20 -> 0 | R20: ='02'!S20 -> 125216 | S20: 125216 | T20: =S20-R20 -> 0 | Y20: =X20+W20+V20+U20 -> 0 | AG20: =Z20+AA20+AB20+AC20+AD20+AE20+AF20 -> 0 | AL20: =AH20+AI20 -> 0 | AM20: =AJ20+AK20 -> 0 | AN20: ='02'!AR20 -> 80 | AP20: =AO20+AN20 -> 80 | AQ20: =AP20-AR20 -> 0 | AR20: 80 | AS20: =AQ20/D20 -> #DIV/0! | AT20: ='01'!AT20 -> 250 | AU20: =AT20-AR20 -> 170 | AW20: =ROUNDUP(I20*AS20,0) -> #DIV/0! | AX20: =ROUNDUP(H20*AS20,0) -> #DIV/0! | AY20: =ROUNDUP(J20*AS20,0) -> #DIV/0! | AZ20: =AS20*L20 -> #DIV/0! | BC20: =AS20*K20 -> #DIV/0!
A21: ='ENTRY SHEET'!F21 -> OD09C5137 | B21: ='02'!C21 -> 17100.35 | C21: 17100.35 | D21: =C21-B21 -> 0 | E21: 12 | G21: 0 | Q21: =F21+G21+H21+I21+J21+K21+L21+M21+N21+O21+P21 -> 0 | R21: ='02'!S21 -> 131760.8 | S21: 131760.8 | T21: =S21-R21 -> 0 | Y21: =X21+W21+V21+U21 -> 0 | AG21: =Z21+AA21+AB21+AC21+AD21+AE21+AF21 -> 0 | AL21: =AH21+AI21 -> 0 | AM21: =AJ21+AK21 -> 0 | AN21: ='02'!AR21 -> 70 | AP21: =AO21+AN21 -> 70 | AQ21: =AP21-AR21 -> 0 | AR21: 70 | AS21: =AQ21/D21 -> #DIV/0! | AT21: ='01'!AT21 -> 250 | AU21: =AT21-AR21 -> 180 | AW21: =ROUNDUP(I21*AS21,0) -> #DIV/0! | AX21: =ROUNDUP(H21*AS21,0) -> #DIV/0! | AY21: =ROUNDUP(J21*AS21,0) -> #DIV/0! | AZ21: =AS21*L21 -> #DIV/0! | BC21: =AS21*K21 -> #DIV/0!
A22: ='ENTRY SHEET'!F22 -> OD09C4623 | B22: ='02'!C22 -> 1457.5 | C22: 1457.5 | D22: =C22-B22 -> 0 | E22: 12 | G22: =D22-H22-I22 -> 0 | Q22: =F22+G22+H22+I22+J22+K22+L22+M22+N22+O22+P22 -> 0 | R22: ='02'!S22 -> 65563 | S22: 65563 | T22: =S22-R22 -> 0 | Y22: =X22+W22+V22+U22 -> 0 | AG22: =Z22+AA22+AB22+AC22+AD22+AE22+AF22 -> 0 | AL22: =AH22+AI22 -> 0 | AM22: =AJ22+AK22 -> 0 | AN22: ='02'!AR22 -> 0 | AP22: =AO22+AN22 -> 0 | AQ22: =AP22-AR22 -> 0 | AS22: =AQ22/D22 -> #DIV/0! | AT22: ='01'!AT22 -> 250 | AU22: =AT22-AR22 -> 250 | AW22: =ROUNDUP(I22*AS22,0) -> #DIV/0! | AX22: =ROUNDUP(H22*AS22,0) -> #DIV/0! | AY22: =ROUNDUP(J22*AS22,0) -> #DIV/0! | AZ22: =AS22*L22 -> #DIV/0! | BC22: =AS22*K22 -> #DIV/0!
A23: ='ENTRY SHEET'!F23 -> OD09C4625 | B23: ='02'!C23 -> 24073.2 | C23: 24078.05 | D23: =C23-B23 -> 4.85 | E23: 12 | G23: 0 | H23: 1.5 | I23: =4.85-1.5 -> 3.35 | Q23: =F23+G23+H23+I23+J23+K23+L23+M23+N23+O23+P23 -> 4.85 | R23: ='02'!S23 -> 88551.5 | S23: 88571.8 | T23: =S23-R23 -> 20.3 | Y23: =X23+W23+V23+U23 -> 0 | AC23: 4 | AG23: =Z23+AA23+AB23+AC23+AD23+AE23+AF23 -> 4 | AH23: 8 | AJ23: 253.77 | AL23: =AH23+AI23 -> 8 | AM23: =AJ23+AK23 -> 253.77 | AN23: ='02'!AR23 -> 100 | AP23: =AO23+AN23 -> 100 | AQ23: =AP23-AR23 -> 30 | AR23: 70 | AS23: =AQ23/D23 -> 6.185567 | AT23: ='01'!AT23 -> 250 | AU23: =AT23-AR23 -> 180 | AW23: =ROUNDUP(I23*AS23,0) -> 21 | AX23: =ROUNDUP(H23*AS23,0) -> 10 | AY23: =ROUNDUP(J23*AS23,0) -> 0 | AZ23: =AS23*L23 -> 0 | BC23: =AS23*K23 -> 0
A24: ='ENTRY SHEET'!F24 -> OD09C4823 | B24: ='02'!C24 -> 23975.45 | C24: 23980.95 | D24: =C24-B24 -> 5.5 | E24: 12 | G24: =D24-H24-I24 -> 0 | H24: 2.5 | I24: =5.5-2.5 -> 3 | Q24: =F24+G24+H24+I24+J24+K24+L24+M24+N24+O24+P24 -> 5.5 | R24: ='02'!S24 -> 146345.7 | S24: 146366.9 | T24: =S24-R24 -> 21.2 | Y24: =X24+W24+V24+U24 -> 0 | AB24: 6 | AC24: 4 | AG24: =Z24+AA24+AB24+AC24+AD24+AE24+AF24 -> 10 | AH24: 7 | AJ24: 217.34 | AL24: =AH24+AI24 -> 7 | AM24: =AJ24+AK24 -> 217.34 | AN24: ='02'!AR24 -> 150 | AP24: =AO24+AN24 -> 150 | AQ24: =AP24-AR24 -> 30 | AR24: 120 | AS24: =AQ24/D24 -> 5.4545455 | AT24: ='01'!AT24 -> 250 | AU24: =AT24-AR24 -> 130 | AW24: =ROUNDUP(I24*AS24,0) -> 17 | AX24: =ROUNDUP(H24*AS24,0) -> 14 | AY24: =ROUNDUP(J24*AS24,0) -> 0 | AZ24: =AS24*L24 -> 0 | BC24: =AS24*K24 -> 0
A25: ='ENTRY SHEET'!F25 -> OD09C-4824 | B25: ='02'!C25 -> 17192.05 | C25: 17192.05 | D25: =C25-B25 -> 0 | E25: 12 | G25: =D25-H25-I25 -> 0 | Q25: =F25+G25+H25+I25+J25+K25+L25+M25+N25+O25+P25 -> 0 | R25: ='02'!S25 -> 110056.6 | S25: 110056.6 | T25: =S25-R25 -> 0 | Y25: =X25+W25+V25+U25 -> 0 | AG25: =Z25+AA25+AB25+AC25+AD25+AE25+AF25 -> 0 | AL25: =AH25+AI25 -> 0 | AM25: =AJ25+AK25 -> 0 | AN25: ='02'!AR25 -> 175 | AP25: =AO25+AN25 -> 175 | AQ25: =AP25-AR25 -> 0 | AR25: 175 | AS25: =AQ25/D25 -> #DIV/0! | AT25: ='01'!AT25 -> 250 | AU25: =AT25-AR25 -> 75 | AW25: =ROUNDUP(I25*AS25,0) -> #DIV/0! | AX25: =ROUNDUP(H25*AS25,0) -> #DIV/0! | AY25: =ROUNDUP(J25*AS25,0) -> #DIV/0! | AZ25: =AS25*L25 -> #DIV/0! | BC25: =AS25*K25 -> #DIV/0!
A26: ='ENTRY SHEET'!F26 -> JH06H-3742 | B26: ='02'!C26 -> 0 | D26: 3.5 | E26: 12 | G26: =D26-H26-I26 -> 1 | H26: =2.5-1.8 -> 0.7 | I26: 1.8 | Q26: =F26+G26+H26+I26+J26+K26+L26+M26+N26+O26+P26 -> 3.5 | R26: ='02'!S26 -> 0 | S26: 0 | T26: =S26-R26 -> 0 | V26: 2 | Y26: =X26+W26+V26+U26 -> 2 | AC26: 3 | AG26: =Z26+AA26+AB26+AC26+AD26+AE26+AF26 -> 3 | AH26: 7 | AJ26: 215.31 | AL26: =AH26+AI26 -> 7 | AM26: =AJ26+AK26 -> 215.31 | AN26: ='02'!AR26 -> 110 | AP26: =AO26+AN26 -> 110 | AQ26: =AP26-AR26 -> 20 | AR26: 90 | AS26: =AQ26/D26 -> 5.7142857 | AT26: ='01'!AT26 -> 250 | AU26: =AT26-AR26 -> 160 | AW26: =ROUNDUP(I26*AS26,0) -> 11 | AX26: =ROUNDUP(H26*AS26,0) -> 4 | AY26: =ROUNDUP(J26*AS26,0) -> 0 | AZ26: =AS26*L26 -> 0 | BC26: =AS26*K26 -> 0
A27: ='ENTRY SHEET'!F27 -> OD09C-4879 | B27: ='02'!C27 -> 12984 | C27: 12989 | D27: =C27-B27 -> 5 | E27: 12 | G27: =D27-H27-I27 -> 0 | H27: =989-984 -> 5 | Q27: =F27+G27+H27+I27+J27+K27+L27+M27+N27+O27+P27 -> 5 | R27: ='02'!S27 -> 0 | S27: 0 | T27: =S27-R27 -> 0 | Y27: =X27+W27+V27+U27 -> 0 | AD27: 13 | AG27: =Z27+AA27+AB27+AC27+AD27+AE27+AF27 -> 13 | AL27: =AH27+AI27 -> 0 | AM27: =AJ27+AK27 -> 0 | AN27: ='02'!AR27 -> 65 | AO27: 100 | AP27: =AO27+AN27 -> 165 | AQ27: =AP27-AR27 -> 10 | AR27: 155 | AS27: =AQ27/D27 -> 2 | AT27: ='01'!AT27 -> 250 | AU27: =AT27-AR27 -> 95 | AW27: =ROUNDUP(I27*AS27,0) -> 0 | AX27: =ROUNDUP(H27*AS27,0) -> 10 | AY27: =ROUNDUP(J27*AS27,0) -> 0 | AZ27: =AS27*L27 -> 0 | BC27: =AS27*K27 -> 0
A28: ='ENTRY SHEET'!F28 -> OD09C-1371 | B28: ='02'!C28 -> 11498 | C28: 11508 | D28: =C28-B28 -> 10 | E28: 12 | G28: =D28-H28-I28 -> 10 | Q28: =F28+G28+H28+I28+J28+K28+L28+M28+N28+O28+P28 -> 10 | R28: ='02'!S28 -> 137577 | S28: 137604 | T28: =S28-R28 -> 27 | V28: 8 | X28: 1 | Y28: =X28+W28+V28+U28 -> 9 | AG28: =Z28+AA28+AB28+AC28+AD28+AE28+AF28 -> 0 | AL28: =AH28+AI28 -> 0 | AM28: =AJ28+AK28 -> 0 | AN28: ='02'!AR28 -> 170 | AP28: =AO28+AN28 -> 170 | AQ28: =AP28-AR28 -> 30 | AR28: 140 | AS28: =AQ28/D28 -> 3 | AT28: ='01'!AT28 -> 250 | AU28: =AT28-AR28 -> 110 | AW28: =ROUNDUP(I28*AS28,0) -> 0 | AX28: =ROUNDUP(H28*AS28,0) -> 0 | AY28: =ROUNDUP(J28*AS28,0) -> 0 | AZ28: =AS28*L28 -> 0 | BC28: =AS28*K28 -> 0
A29: ='ENTRY SHEET'!F29 -> OD09C-4878 | B29: ='02'!C29 -> 0 | D29: =C29-B29 -> 0 | E29: 12 | G29: =D29-H29-I29 -> 0 | Q29: =F29+G29+H29+I29+J29+K29+L29+M29+N29+O29+P29 -> 0 | R29: ='02'!S29 -> 0 | T29: =S29-R29 -> 0 | Y29: =X29+W29+V29+U29 -> 0 | AG29: =Z29+AA29+AB29+AC29+AD29+AE29+AF29 -> 0 | AL29: =AH29+AI29 -> 0 | AM29: =AJ29+AK29 -> 0 | AN29: ='02'!AR29 -> 0 | AP29: =AO29+AN29 -> 0 | AQ29: =AP29-AR29 -> 0 | AS29: =AQ29/D29 -> #DIV/0! | AT29: ='01'!AT29 -> 250 | AU29: =AT29-AR29 -> 250 | AW29: =ROUNDUP(I29*AS29,0) -> #DIV/0! | AX29: =ROUNDUP(H29*AS29,0) -> #DIV/0! | AY29: =ROUNDUP(J29*AS29,0) -> #DIV/0! | AZ29: =AS29*L29 -> #DIV/0! | BC29: =AS29*K29 -> #DIV/0!
A30: ='ENTRY SHEET'!F30 -> OD09C-8163 | B30: ='02'!C30 -> 13382 | C30: 13387.7 | D30: =C30-B30 -> 5.7 | E30: 12 | G30: =D30-H30-I30 -> 5.7 | Q30: =F30+G30+H30+I30+J30+K30+L30+M30+N30+O30+P30 -> 5.7 | R30: ='02'!S30 -> 61539 | S30: 61575 | T30: =S30-R30 -> 36 | V30: 13 | X30: 1 | Y30: =X30+W30+V30+U30 -> 14 | AG30: =Z30+AA30+AB30+AC30+AD30+AE30+AF30 -> 0 | AL30: =AH30+AI30 -> 0 | AM30: =AJ30+AK30 -> 0 | AN30: ='02'!AR30 -> 150 | AO30: 50 | AP30: =AO30+AN30 -> 200 | AQ30: =AP30-AR30 -> 60 | AR30: 140 | AS30: =AQ30/D30 -> 10.526316 | AT30: ='01'!AT30 -> 250 | AU30: =AT30-AR30 -> 110 | AW30: =ROUNDUP(I30*AS30,0) -> 0 | AX30: =ROUNDUP(H30*AS30,0) -> 0 | AY30: =ROUNDUP(J30*AS30,0) -> 0 | AZ30: =AS30*L30 -> 0 | BC30: =AS30*K30 -> 0
A31: ='ENTRY SHEET'!F31 -> OD09A-5106 | B31: ='02'!C31 -> 15061 | C31: 15067 | D31: =C31-B31 -> 6 | E31: 12 | G31: =D31-H31-I31 -> 6 | Q31: =F31+G31+H31+I31+J31+K31+L31+M31+N31+O31+P31 -> 6 | R31: ='02'!S31 -> 123132 | S31: 123177 | T31: =S31-R31 -> 45 | V31: 5 | X31: 5 | Y31: =X31+W31+V31+U31 -> 10 | AG31: =Z31+AA31+AB31+AC31+AD31+AE31+AF31 -> 0 | AL31: =AH31+AI31 -> 0 | AM31: =AJ31+AK31 -> 0 | AN31: ='02'!AR31 -> 120 | AO31: 70 | AP31: =AO31+AN31 -> 190 | AQ31: =AP31-AR31 -> 74 | AR31: 116 | AS31: =AQ31/D31 -> 12.333333 | AT31: ='01'!AT31 -> 250 | AU31: =AT31-AR31 -> 134 | AW31: =ROUNDUP(I31*AS31,0) -> 0 | AX31: =ROUNDUP(H31*AS31,0) -> 0 | AY31: =ROUNDUP(J31*AS31,0) -> 0 | AZ31: =AS31*L31 -> 0 | BC31: =AS31*K31 -> 0
A32: ='ENTRY SHEET'!F32 -> OD09C-8164 | B32: ='02'!C32 -> 10406.7 | C32: 10406.7 | D32: =C32-B32 -> 0 | E32: 12 | G32: =D32-H32-I32 -> 0 | Q32: =F32+G32+H32+I32+J32+K32+L32+M32+N32+O32+P32 -> 0 | R32: ='02'!S32 -> 69764 | S32: 69764 | T32: =S32-R32 -> 0 | Y32: =X32+W32+V32+U32 -> 0 | AG32: =Z32+AA32+AB32+AC32+AD32+AE32+AF32 -> 0 | AL32: =AH32+AI32 -> 0 | AM32: =AJ32+AK32 -> 0 | AN32: ='02'!AR32 -> 170 | AP32: =AO32+AN32 -> 170 | AQ32: =AP32-AR32 -> 0 | AR32: 170 | AS32: =AQ32/D32 -> #DIV/0! | AT32: ='01'!AT32 -> 250 | AU32: =AT32-AR32 -> 80 | AW32: =ROUNDUP(I32*AS32,0) -> #DIV/0! | AX32: =ROUNDUP(H32*AS32,0) -> #DIV/0! | AY32: =ROUNDUP(J32*AS32,0) -> #DIV/0! | AZ32: =AS32*L32 -> #DIV/0! | BC32: =AS32*K32 -> #DIV/0!
A33: ='ENTRY SHEET'!F33 -> OD09C-1373 | B33: ='02'!C33 -> 0 | D33: =C33-B33 -> 0 | E33: 12 | G33: =D33-H33-I33 -> 0 | Q33: =F33+G33+H33+I33+J33+K33+L33+M33+N33+O33+P33 -> 0 | R33: ='02'!S33 -> 0 | T33: =S33-R33 -> 0 | Y33: =X33+W33+V33+U33 -> 0 | AG33: =Z33+AA33+AB33+AC33+AD33+AE33+AF33 -> 0 | AL33: =AH33+AI33 -> 0 | AM33: =AJ33+AK33 -> 0 | AN33: ='02'!AR33 -> 0 | AP33: =AO33+AN33 -> 0 | AQ33: =AP33-AR33 -> 0 | AS33: =AQ33/D33 -> #DIV/0! | AT33: ='01'!AT33 -> 250 | AU33: =AT33-AR33 -> 250 | AW33: =ROUNDUP(I33*AS33,0) -> #DIV/0! | AX33: =ROUNDUP(H33*AS33,0) -> #DIV/0! | AY33: =ROUNDUP(J33*AS33,0) -> #DIV/0! | AZ33: =AS33*L33 -> #DIV/0! | BC33: =AS33*K33 -> #DIV/0!
A34: ='ENTRY SHEET'!F34 -> OD09A-5666 | B34: ='02'!C34 -> 21864 | C34: 21871 | D34: =C34-B34 -> 7 | E34: 12 | G34: =D34-H34-I34 -> 7 | Q34: =F34+G34+H34+I34+J34+K34+L34+M34+N34+O34+P34 -> 7 | R34: ='02'!S34 -> 102115 | S34: 102153 | T34: =S34-R34 -> 38 | V34: 13 | X34: 1 | Y34: =X34+W34+V34+U34 -> 14 | AG34: =Z34+AA34+AB34+AC34+AD34+AE34+AF34 -> 0 | AL34: =AH34+AI34 -> 0 | AM34: =AJ34+AK34 -> 0 | AN34: ='02'!AR34 -> 120 | AO34: 50 | AP34: =AO34+AN34 -> 170 | AQ34: =AP34-AR34 -> 40 | AR34: 130 | AS34: =AQ34/D34 -> 5.7142857 | AT34: ='01'!AT34 -> 250 | AU34: =AT34-AR34 -> 120 | AW34: =ROUNDUP(I34*AS34,0) -> 0 | AX34: =ROUNDUP(H34*AS34,0) -> 0 | AY34: =ROUNDUP(J34*AS34,0) -> 0 | AZ34: =AS34*L34 -> 0 | BC34: =AS34*K34 -> 0
A35: ='ENTRY SHEET'!F35 -> OD09A-6059 | B35: ='02'!C35 -> 14046 | C35: 14051 | D35: =C35-B35 -> 5 | E35: 12 | G35: =D35-H35-I35 -> 0 | H35: =51-46 -> 5 | Q35: =F35+G35+H35+I35+J35+K35+L35+M35+N35+O35+P35 -> 5 | R35: ='02'!S35 -> 91660 | S35: 91695 | T35: =S35-R35 -> 35 | Y35: =X35+W35+V35+U35 -> 0 | AD35: 11 | AG35: =Z35+AA35+AB35+AC35+AD35+AE35+AF35 -> 11 | AL35: =AH35+AI35 -> 0 | AM35: =AJ35+AK35 -> 0 | AN35: ='02'!AR35 -> 130 | AO35: 90 | AP35: =AO35+AN35 -> 220 | AQ35: =AP35-AR35 -> 30 | AR35: 190 | AS35: =AQ35/D35 -> 6 | AT35: ='01'!AT35 -> 250 | AU35: =AT35-AR35 -> 60 | AW35: =ROUNDUP(I35*AS35,0) -> 0 | AX35: =ROUNDUP(H35*AS35,0) -> 30 | AY35: =ROUNDUP(J35*AS35,0) -> 0 | AZ35: =AS35*L35 -> 0 | BC35: =AS35*K35 -> 0
A36: ='ENTRY SHEET'!F36 -> JH06H-9654 | B36: ='02'!C36 -> 0 | D36: 8 | E36: 12 | G36: =D36-H36-I36 -> 8 | Q36: =F36+G36+H36+I36+J36+K36+L36+M36+N36+O36+P36 -> 8 | R36: ='02'!S36 -> 100743 | S36: 100782 | T36: =S36-R36 -> 39 | V36: 13 | X36: 1 | Y36: =X36+W36+V36+U36 -> 14 | AG36: =Z36+AA36+AB36+AC36+AD36+AE36+AF36 -> 0 | AL36: =AH36+AI36 -> 0 | AM36: =AJ36+AK36 -> 0 | AN36: ='02'!AR36 -> 130 | AO36: 50 | AP36: =AO36+AN36 -> 180 | AQ36: =AP36-AR36 -> 60 | AR36: 120 | AS36: =AQ36/D36 -> 7.5 | AT36: ='01'!AT36 -> 250 | AU36: =AT36-AR36 -> 130 | AW36: =ROUNDUP(I36*AS36,0) -> 0 | AX36: =ROUNDUP(H36*AS36,0) -> 0 | AY36: =ROUNDUP(J36*AS36,0) -> 0 | AZ36: =AS36*L36 -> 0 | BC36: =AS36*K36 -> 0
A37: ='ENTRY SHEET'!F37 -> OD09A-5105 | B37: ='02'!C37 -> 12612 | C37: 12619 | D37: =C37-B37 -> 7 | E37: 12 | G37: =D37-H37-I37 -> 7 | Q37: =F37+G37+H37+I37+J37+K37+L37+M37+N37+O37+P37 -> 7 | R37: ='02'!S37 -> 91305 | S37: 91347 | T37: =S37-R37 -> 42 | V37: 14 | X37: 1 | Y37: =X37+W37+V37+U37 -> 15 | AG37: =Z37+AA37+AB37+AC37+AD37+AE37+AF37 -> 0 | AL37: =AH37+AI37 -> 0 | AM37: =AJ37+AK37 -> 0 | AN37: ='02'!AR37 -> 175 | AO37: 50 | AP37: =AO37+AN37 -> 225 | AQ37: =AP37-AR37 -> 50 | AR37: 175 | AS37: =AQ37/D37 -> 7.1428571 | AT37: ='01'!AT37 -> 250 | AU37: =AT37-AR37 -> 75 | AW37: =ROUNDUP(I37*AS37,0) -> 0 | AX37: =ROUNDUP(H37*AS37,0) -> 0 | AY37: =ROUNDUP(J37*AS37,0) -> 0 | AZ37: =AS37*L37 -> 0 | BC37: =AS37*K37 -> 0
A38: ='ENTRY SHEET'!F38 -> JH06G-4703 | B38: ='02'!C38 -> 8160 | C38: 8166 | D38: =C38-B38 -> 6 | E38: 12 | G38: =D38-H38-I38 -> 6 | Q38: =F38+G38+H38+I38+J38+K38+L38+M38+N38+O38+P38 -> 6 | R38: ='02'!S38 -> 95452 | S38: 95502 | T38: =S38-R38 -> 50 | V38: 5 | X38: 6 | Y38: =X38+W38+V38+U38 -> 11 | AG38: =Z38+AA38+AB38+AC38+AD38+AE38+AF38 -> 0 | AL38: =AH38+AI38 -> 0 | AM38: =AJ38+AK38 -> 0 | AN38: ='02'!AR38 -> 180 | AO38: 50 | AP38: =AO38+AN38 -> 230 | AQ38: =AP38-AR38 -> 70 | AR38: 160 | AS38: =AQ38/D38 -> 11.666667 | AT38: ='01'!AT38 -> 250 | AU38: =AT38-AR38 -> 90 | AW38: =ROUNDUP(I38*AS38,0) -> 0 | AX38: =ROUNDUP(H38*AS38,0) -> 0 | AY38: =ROUNDUP(J38*AS38,0) -> 0 | AZ38: =AS38*L38 -> 0 | BC38: =AS38*K38 -> 0
A39: ='ENTRY SHEET'!F39 -> JH06H-5348 | B39: ='02'!C39 -> 407.8 | C39: 415.1 | D39: =C39-B39 -> 7.3 | E39: 12 | G39: =D39-H39-I39 -> 7.3 | Q39: =F39+G39+H39+I39+J39+K39+L39+M39+N39+O39+P39 -> 7.3 | R39: ='02'!S39 -> 122093 | S39: 122132 | T39: =S39-R39 -> 39 | V39: 6 | X39: 3 | Y39: =X39+W39+V39+U39 -> 9 | AG39: =Z39+AA39+AB39+AC39+AD39+AE39+AF39 -> 0 | AL39: =AH39+AI39 -> 0 | AM39: =AJ39+AK39 -> 0 | AN39: ='02'!AR39 -> 140 | AO39: 50 | AP39: =AO39+AN39 -> 190 | AQ39: =AP39-AR39 -> 50 | AR39: 140 | AS39: =AQ39/D39 -> 6.8493151 | AT39: ='01'!AT39 -> 0 | AU39: =AT39-AR39 -> -140 | AW39: =ROUNDUP(I39*AS39,0) -> 0 | AX39: =ROUNDUP(H39*AS39,0) -> 0 | AY39: =ROUNDUP(J39*AS39,0) -> 0 | AZ39: =AS39*L39 -> 0 | BC39: =AS39*K39 -> 0
A40: ='ENTRY SHEET'!F40 -> OD09K-5036 | B40: ='02'!C40 -> 13265 | C40: 13265 | D40: =C40-B40 -> 0 | E40: 12 | G40: =D40-H40-I40 -> 0 | Q40: =F40+G40+H40+I40+J40+K40+L40+M40+N40+O40+P40 -> 0 | R40: ='02'!S40 -> 92832 | S40: 92832 | T40: =S40-R40 -> 0 | Y40: =X40+W40+V40+U40 -> 0 | AG40: =Z40+AA40+AB40+AC40+AD40+AE40+AF40 -> 0 | AL40: =AH40+AI40 -> 0 | AM40: =AJ40+AK40 -> 0 | AN40: ='02'!AR40 -> 145 | AP40: =AO40+AN40 -> 145 | AQ40: =AP40-AR40 -> 0 | AR40: 145 | AS40: =AQ40/D40 -> #DIV/0! | AT40: ='01'!AT40 -> 0 | AU40: =AT40-AR40 -> -145 | AW40: =ROUNDUP(I40*AS40,0) -> #DIV/0! | AX40: =ROUNDUP(H40*AS40,0) -> #DIV/0! | AY40: =ROUNDUP(J40*AS40,0) -> #DIV/0! | AZ40: =AS40*L40 -> #DIV/0! | BC40: =AS40*K40 -> #DIV/0!
A41: ='ENTRY SHEET'!F41 -> OD09K-1394 | B41: ='02'!C41 -> 10119 | C41: 10124 | D41: =C41-B41 -> 5 | E41: 12 | G41: =D41-H41-I41 -> 0 | H41: =124-119 -> 5 | Q41: =F41+G41+H41+I41+J41+K41+L41+M41+N41+O41+P41 -> 5 | R41: ='02'!S41 -> 50169.2 | S41: 50204.2 | T41: =S41-R41 -> 35 | Y41: =X41+W41+V41+U41 -> 0 | AD41: 11 | AG41: =Z41+AA41+AB41+AC41+AD41+AE41+AF41 -> 11 | AL41: =AH41+AI41 -> 0 | AM41: =AJ41+AK41 -> 0 | AN41: ='02'!AR41 -> 150 | AO41: 50 | AP41: =AO41+AN41 -> 200 | AQ41: =AP41-AR41 -> 45 | AR41: 155 | AS41: =AQ41/D41 -> 9 | AT41: ='01'!AT41 -> 0 | AU41: =AT41-AR41 -> -155 | AW41: =ROUNDUP(I41*AS41,0) -> 0 | AX41: =ROUNDUP(H41*AS41,0) -> 45 | AY41: =ROUNDUP(J41*AS41,0) -> 0 | AZ41: =AS41*L41 -> 0 | BC41: =AS41*K41 -> 0
A42: ='ENTRY SHEET'!F42 -> JH06T-7706 | B42: ='02'!C42 -> 16047.1 | C42: 16053.9 | D42: =C42-B42 -> 6.8 | E42: 12 | G42: =D42-H42-I42 -> 6.8 | Q42: =F42+G42+H42+I42+J42+K42+L42+M42+N42+O42+P42 -> 6.8 | R42: ='02'!S42 -> 105200 | S42: 105246 | T42: =S42-R42 -> 46 | V42: 6 | X42: 5 | Y42: =X42+W42+V42+U42 -> 11 | AG42: =Z42+AA42+AB42+AC42+AD42+AE42+AF42 -> 0 | AL42: =AH42+AI42 -> 0 | AM42: =AJ42+AK42 -> 0 | AN42: ='02'!AR42 -> 135 | AO42: 50 | AP42: =AO42+AN42 -> 185 | AQ42: =AP42-AR42 -> 75 | AR42: 110 | AS42: =AQ42/D42 -> 11.029412 | AT42: ='01'!AT42 -> 0 | AU42: =AT42-AR42 -> -110 | AW42: =ROUNDUP(I42*AS42,0) -> 0 | AX42: =ROUNDUP(H42*AS42,0) -> 0 | AY42: =ROUNDUP(J42*AS42,0) -> 0 | AZ42: =AS42*L42 -> 0 | BC42: =AS42*K42 -> 0
A43: ='ENTRY SHEET'!F43 -> JH06H-7764 | B43: ='02'!C43 -> 17905.5 | C43: 17912.4 | D43: =C43-B43 -> 6.9 | E43: 12 | G43: =D43-H43-I43 -> 6.9 | Q43: =F43+G43+H43+I43+J43+K43+L43+M43+N43+O43+P43 -> 6.9 | R43: ='02'!S43 -> 87440 | S43: 87486 | T43: =S43-R43 -> 46 | V43: 6 | X43: 5 | Y43: =X43+W43+V43+U43 -> 11 | AG43: =Z43+AA43+AB43+AC43+AD43+AE43+AF43 -> 0 | AL43: =AH43+AI43 -> 0 | AM43: =AJ43+AK43 -> 0 | AN43: ='02'!AR43 -> 125 | AO43: 50 | AP43: =AO43+AN43 -> 175 | AQ43: =AP43-AR43 -> 50 | AR43: 125 | AS43: =AQ43/D43 -> 7.2463768 | AT43: ='01'!AT43 -> 0 | AU43: =AT43-AR43 -> -125 | AW43: =ROUNDUP(I43*AS43,0) -> 0 | AX43: =ROUNDUP(H43*AS43,0) -> 0 | AY43: =ROUNDUP(J43*AS43,0) -> 0 | AZ43: =AS43*L43 -> 0 | BC43: =AS43*K43 -> 0
A44: ='ENTRY SHEET'!F44 -> OD09AE-5513 DMC | B44: ='02'!C44 -> 3956.7 | C44: 3962 | D44: =C44-B44 -> 5.3 | E44: 12 | G44: =D44-H44-I44 -> 5.3 | Q44: =F44+G44+H44+I44+J44+K44+L44+M44+N44+O44+P44 -> 5.3 | R44: ='02'!S44 -> 22762.7 | S44: 22810.2 | T44: =S44-R44 -> 47.5 | U44: 10 | V44: 1 | Y44: =X44+W44+V44+U44 -> 11 | AG44: =Z44+AA44+AB44+AC44+AD44+AE44+AF44 -> 0 | AL44: =AH44+AI44 -> 0 | AM44: =AJ44+AK44 -> 0 | AN44: ='02'!AR44 -> 0 | AO44: 220 | AP44: =AO44+AN44 -> 220 | AQ44: =AP44-AR44 -> 220 | AR44: 0 | AS44: =AQ44/D44 -> 41.509434 | AT44: ='01'!AT44 -> 0 | AU44: =AT44-AR44 -> 0 | AW44: =ROUNDUP(I44*AS44,0) -> 0 | AX44: =ROUNDUP(H44*AS44,0) -> 0 | AY44: =ROUNDUP(J44*AS44,0) -> 0 | AZ44: =AS44*L44 -> 0 | BC44: =AS44*K44 -> 0
A45: ='ENTRY SHEET'!F45 -> OD09Z-5713 DMC | B45: ='02'!C45 -> 3791.2 | C45: 3796.4 | D45: =C45-B45 -> 5.2 | E45: 12 | G45: =D45-H45-I45 -> 5.2 | Q45: =F45+G45+H45+I45+J45+K45+L45+M45+N45+O45+P45 -> 5.2 | R45: ='02'!S45 -> 22233.1 | S45: 22278.2 | T45: =S45-R45 -> 45.1 | U45: 10 | Y45: =X45+W45+V45+U45 -> 10 | AG45: =Z45+AA45+AB45+AC45+AD45+AE45+AF45 -> 0 | AL45: =AH45+AI45 -> 0 | AM45: =AJ45+AK45 -> 0 | AN45: ='02'!AR45 -> 0 | AP45: =AO45+AN45 -> 0 | AQ45: =AP45-AR45 -> 0 | AS45: =AQ45/D45 -> 0 | AT45: ='01'!AT45 -> 0 | AU45: =AT45-AR45 -> 0 | AW45: =ROUNDUP(I45*AS45,0) -> 0 | AX45: =ROUNDUP(H45*AS45,0) -> 0 | AY45: =ROUNDUP(J45*AS45,0) -> 0 | AZ45: =AS45*L45 -> 0 | BC45: =AS45*K45 -> 0
A46: ='ENTRY SHEET'!F46 -> OD09Z-5813 DMC | B46: ='02'!C46 -> 3681.5 | C46: 3688.4 | D46: =C46-B46 -> 6.9 | E46: 12 | G46: =D46-H46-I46 -> 6.9 | Q46: =F46+G46+H46+I46+J46+K46+L46+M46+N46+O46+P46 -> 6.9 | R46: ='02'!S46 -> 21215.4 | S46: 21259.4 | T46: =S46-R46 -> 44 | U46: 9 | V46: 1 | Y46: =X46+W46+V46+U46 -> 10 | AG46: =Z46+AA46+AB46+AC46+AD46+AE46+AF46 -> 0 | AL46: =AH46+AI46 -> 0 | AM46: =AJ46+AK46 -> 0 | AN46: ='02'!AR46 -> 0 | AP46: =AO46+AN46 -> 0 | AQ46: =AP46-AR46 -> 0 | AS46: =AQ46/D46 -> 0 | AT46: ='01'!AT46 -> 0 | AU46: =AT46-AR46 -> 0 | AW46: =ROUNDUP(I46*AS46,0) -> 0 | AX46: =ROUNDUP(H46*AS46,0) -> 0 | AY46: =ROUNDUP(J46*AS46,0) -> 0 | AZ46: =AS46*L46 -> 0 | BC46: =AS46*K46 -> 0
A47: ='ENTRY SHEET'!F47 -> OD07AR-4113 DMC | B47: ='02'!C47 -> 8743 | C47: 8747 | D47: =C47-B47 -> 4 | E47: 12 | G47: =D47-H47-I47 -> 4 | Q47: =F47+G47+H47+I47+J47+K47+L47+M47+N47+O47+P47 -> 4 | R47: ='02'!S47 -> 48316.8 | S47: 48366.1 | T47: =S47-R47 -> 49.3 | U47: 13 | Y47: =X47+W47+V47+U47 -> 13 | AG47: =Z47+AA47+AB47+AC47+AD47+AE47+AF47 -> 0 | AL47: =AH47+AI47 -> 0 | AM47: =AJ47+AK47 -> 0 | AN47: ='02'!AR47 -> 0 | AO47: 156 | AP47: =AO47+AN47 -> 156 | AQ47: =AP47-AR47 -> 156 | AR47: 0 | AS47: =AQ47/D47 -> 39 | AT47: ='01'!AT47 -> 0 | AU47: =AT47-AR47 -> 0 | AW47: =ROUNDUP(I47*AS47,0) -> 0 | AX47: =ROUNDUP(H47*AS47,0) -> 0 | AY47: =ROUNDUP(J47*AS47,0) -> 0 | AZ47: =AS47*L47 -> 0 | BC47: =AS47*K47 -> 0
A48: ='ENTRY SHEET'!F48 -> OD09Z-5913 DMC | B48: ='02'!C48 -> 3816.1 | C48: 3820.8 | D48: =C48-B48 -> 4.7 | E48: 12 | G48: =D48-H48-I48 -> 4.7 | Q48: =F48+G48+H48+I48+J48+K48+L48+M48+N48+O48+P48 -> 4.7 | R48: ='02'!S48 -> 22092.2 | S48: 22127.4 | T48: =S48-R48 -> 35.2 | U48: 9 | Y48: =X48+W48+V48+U48 -> 9 | AG48: =Z48+AA48+AB48+AC48+AD48+AE48+AF48 -> 0 | AL48: =AH48+AI48 -> 0 | AM48: =AJ48+AK48 -> 0 | AN48: ='02'!AR48 -> 0 | AP48: =AO48+AN48 -> 0 | AQ48: =AP48-AR48 -> 0 | AS48: =AQ48/D48 -> 0 | AT48: ='01'!AT48 -> 0 | AU48: =AT48-AR48 -> 0 | AW48: =ROUNDUP(I48*AS48,0) -> 0 | AX48: =ROUNDUP(H48*AS48,0) -> 0 | AY48: =ROUNDUP(J48*AS48,0) -> 0 | AZ48: =AS48*L48 -> 0 | BC48: =AS48*K48 -> 0
A49: ='ENTRY SHEET'!F49 -> OD09Z-5613 DMC | B49: ='02'!C49 -> 3822.6 | C49: 3827.8 | D49: =C49-B49 -> 5.2 | E49: 12 | G49: =D49-H49-I49 -> 5.2 | Q49: =F49+G49+H49+I49+J49+K49+L49+M49+N49+O49+P49 -> 5.2 | R49: ='02'!S49 -> 22835 | S49: 22880.6 | T49: =S49-R49 -> 45.6 | U49: 14 | Y49: =X49+W49+V49+U49 -> 14 | AG49: =Z49+AA49+AB49+AC49+AD49+AE49+AF49 -> 0 | AL49: =AH49+AI49 -> 0 | AM49: =AJ49+AK49 -> 0 | AN49: ='02'!AR49 -> 0 | AP49: =AO49+AN49 -> 0 | AQ49: =AP49-AR49 -> 0 | AS49: =AQ49/D49 -> 0 | AT49: ='01'!AT49 -> 0 | AU49: =AT49-AR49 -> 0 | AW49: =ROUNDUP(I49*AS49,0) -> 0 | AX49: =ROUNDUP(H49*AS49,0) -> 0 | AY49: =ROUNDUP(J49*AS49,0) -> 0 | AZ49: =AS49*L49 -> 0 | BC49: =AS49*K49 -> 0
A50: ='ENTRY SHEET'!F50 -> JH06G-5437 | B50: ='02'!C50 -> 12093 | C50: 12098 | D50: =C50-B50 -> 5 | E50: 12 | G50: =D50-H50-I50 -> 5 | Q50: =F50+G50+H50+I50+J50+K50+L50+M50+N50+O50+P50 -> 5 | R50: ='02'!S50 -> 82316 | S50: 82354 | T50: =S50-R50 -> 38 | V50: 6 | X50: 3 | Y50: =X50+W50+V50+U50 -> 9 | AG50: =Z50+AA50+AB50+AC50+AD50+AE50+AF50 -> 0 | AL50: =AH50+AI50 -> 0 | AM50: =AJ50+AK50 -> 0 | AN50: ='02'!AR50 -> 155 | AO50: 50 | AP50: =AO50+AN50 -> 205 | AQ50: =AP50-AR50 -> 10 | AR50: 195 | AS50: =AQ50/D50 -> 2 | AT50: ='01'!AT50 -> 0 | AU50: =AT50-AR50 -> -195 | AW50: =ROUNDUP(I50*AS50,0) -> 0 | AX50: =ROUNDUP(H50*AS50,0) -> 0 | AY50: =ROUNDUP(J50*AS50,0) -> 0 | AZ50: =AS50*L50 -> 0 | BC50: =AS50*K50 -> 0
A51: ='ENTRY SHEET'!F51 -> OD09Z-1273 | B51: ='02'!C51 -> 0 | D51: =C51-B51 -> 0 | E51: 12 | G51: =D51-H51-I51 -> 0 | Q51: =F51+G51+H51+I51+J51+K51+L51+M51+N51+O51+P51 -> 0 | R51: ='02'!S51 -> 0 | T51: =S51-R51 -> 0 | Y51: =X51+W51+V51+U51 -> 0 | AG51: =Z51+AA51+AB51+AC51+AD51+AE51+AF51 -> 0 | AL51: =AH51+AI51 -> 0 | AM51: =AJ51+AK51 -> 0 | AN51: ='02'!AR51 -> 0 | AP51: =AO51+AN51 -> 0 | AQ51: =AP51-AR51 -> 0 | AS51: =AQ51/D51 -> #DIV/0! | AT51: ='01'!AT51 -> 0 | AU51: =AT51-AR51 -> 0 | AW51: =ROUNDUP(I51*AS51,0) -> #DIV/0! | AX51: =ROUNDUP(H51*AS51,0) -> #DIV/0! | AY51: =ROUNDUP(J51*AS51,0) -> #DIV/0! | AZ51: =AS51*L51 -> #DIV/0! | BC51: =AS51*K51 -> #DIV/0!
A52: ='ENTRY SHEET'!F52 -> OD09Z-1274 | B52: ='02'!C52 -> 0 | D52: =C52-B52 -> 0 | E52: 12 | G52: =D52-H52-I52 -> 0 | Q52: =F52+G52+H52+I52+J52+K52+L52+M52+N52+O52+P52 -> 0 | R52: ='02'!S52 -> 0 | T52: =S52-R52 -> 0 | Y52: =X52+W52+V52+U52 -> 0 | AG52: =Z52+AA52+AB52+AC52+AD52+AE52+AF52 -> 0 | AL52: =AH52+AI52 -> 0 | AM52: =AJ52+AK52 -> 0 | AN52: ='02'!AR52 -> 0 | AP52: =AO52+AN52 -> 0 | AQ52: =AP52-AR52 -> 0 | AT52: ='01'!AT52 -> 0 | AU52: =AT52-AR52 -> 0 | AW52: =ROUNDUP(I52*AS52,0) -> 0 | AX52: =ROUNDUP(H52*AS52,0) -> 0 | AY52: =ROUNDUP(J52*AS52,0) -> 0 | AZ52: =AS52*L52 -> 0 | BC52: =AS52*K52 -> 0
A53: ='ENTRY SHEET'!F53 -> OD09Z-1202 | B53: ='02'!C53 -> 0 | D53: =C53-B53 -> 0 | E53: 12 | G53: =D53-H53-I53 -> 0 | Q53: =F53+G53+H53+I53+J53+K53+L53+M53+N53+O53+P53 -> 0 | R53: ='02'!S53 -> 0 | T53: =S53-R53 -> 0 | Y53: =X53+W53+V53+U53 -> 0 | AG53: =Z53+AA53+AB53+AC53+AD53+AE53+AF53 -> 0 | AL53: =AH53+AI53 -> 0 | AM53: =AJ53+AK53 -> 0 | AN53: ='02'!AR53 -> 0 | AP53: =AO53+AN53 -> 0 | AQ53: =AP53-AR53 -> 0 | AT53: ='01'!AT53 -> 0 | AU53: =AT53-AR53 -> 0 | AW53: =ROUNDUP(I53*AS53,0) -> 0 | AX53: =ROUNDUP(H53*AS53,0) -> 0 | AY53: =ROUNDUP(J53*AS53,0) -> 0 | AZ53: =AS53*L53 -> 0 | BC53: =AS53*K53 -> 0
A54: ='ENTRY SHEET'!F54 -> 0 | B54: ='02'!C54 -> 0 | D54: =C54-B54 -> 0 | E54: 12 | G54: =D54-H54-I54 -> 0 | Q54: =F54+G54+H54+I54+J54+K54+L54+M54+N54+O54+P54 -> 0 | R54: ='02'!S54 -> 0 | T54: =S54-R54 -> 0 | Y54: =X54+W54+V54+U54 -> 0 | AG54: =Z54+AA54+AB54+AC54+AD54+AE54+AF54 -> 0 | AL54: =AH54+AI54 -> 0 | AM54: =AJ54+AK54 -> 0 | AN54: ='02'!AR54 -> 0 | AP54: =AO54+AN54 -> 0 | AQ54: =AP54-AR54 -> 0 | AT54: ='01'!AT54 -> 0 | AU54: =AT54-AR54 -> 0 | AW54: =ROUNDUP(I54*AS54,0) -> 0 | AX54: =ROUNDUP(H54*AS54,0) -> 0 | AY54: =ROUNDUP(J54*AS54,0) -> 0 | AZ54: =AS54*L54 -> 0 | BC54: =AS54*K54 -> 0
A55: ='ENTRY SHEET'!F55 -> 0 | B55: ='02'!C55 -> 0 | D55: =C55-B55 -> 0 | E55: 12 | G55: =D55-H55-I55 -> 0 | Q55: =F55+G55+H55+I55+J55+K55+L55+M55+N55+O55+P55 -> 0 | R55: ='02'!S55 -> 0 | T55: =S55-R55 -> 0 | Y55: =X55+W55+V55+U55 -> 0 | AG55: =Z55+AA55+AB55+AC55+AD55+AE55+AF55 -> 0 | AL55: =AH55+AI55 -> 0 | AM55: =AJ55+AK55 -> 0 | AN55: ='02'!AR55 -> 0 | AP55: =AO55+AN55 -> 0 | AQ55: =AP55-AR55 -> 0 | AT55: ='01'!AT55 -> 0 | AU55: =AT55-AR55 -> 0 | AW55: =ROUNDUP(I55*AS55,0) -> 0 | AX55: =ROUNDUP(H55*AS55,0) -> 0 | AY55: =ROUNDUP(J55*AS55,0) -> 0 | AZ55: =AS55*L55 -> 0 | BC55: =AS55*K55 -> 0
A56: ='ENTRY SHEET'!F56 -> 0 | B56: ='02'!C56 -> 0 | D56: =C56-B56 -> 0 | E56: 12 | G56: =D56-H56-I56 -> 0 | Q56: =F56+G56+H56+I56+J56+K56+L56+M56+N56+O56+P56 -> 0 | R56: ='02'!S56 -> 0 | T56: =S56-R56 -> 0 | Y56: =X56+W56+V56+U56 -> 0 | AG56: =Z56+AA56+AB56+AC56+AD56+AE56+AF56 -> 0 | AL56: =AH56+AI56 -> 0 | AM56: =AJ56+AK56 -> 0 | AN56: ='02'!AR56 -> 0 | AP56: =AO56+AN56 -> 0 | AQ56: =AP56-AR56 -> 0 | AT56: ='01'!AT56 -> 0 | AU56: =AT56-AR56 -> 0 | AW56: =ROUNDUP(I56*AS56,0) -> 0 | AX56: =ROUNDUP(H56*AS56,0) -> 0 | AY56: =ROUNDUP(J56*AS56,0) -> 0 | AZ56: =AS56*L56 -> 0 | BC56: =AS56*K56 -> 0
A57: ='ENTRY SHEET'!F57 -> OD09P-6973 W.TANKER | B57: ='02'!C57 -> 4679 | C57: 4684.8 | D57: =C57-B57 -> 5.8 | E57: 12 | G57: =D57-H57-I57 -> 5.8 | Q57: =F57+G57+H57+I57+J57+K57+L57+M57+N57+O57+P57 -> 5.8 | R57: ='02'!S57 -> 52385.1 | S57: 52429.3 | T57: =S57-R57 -> 44.2 | U57: 5 | Y57: =X57+W57+V57+U57 -> 5 | AG57: =Z57+AA57+AB57+AC57+AD57+AE57+AF57 -> 0 | AL57: =AH57+AI57 -> 0 | AM57: =AJ57+AK57 -> 0 | AN57: ='02'!AR57 -> 100 | AP57: =AO57+AN57 -> 100 | AQ57: =AP57-AR57 -> 50 | AR57: 50 | AS57: =AQ57/D57 -> 8.6206897 | AT57: ='01'!AT57 -> 260 | AU57: =AT57-AR57 -> 210 | AZ57: =AS57*L57 -> 0 | BC57: =AS57*K57 -> 0
A58: ='ENTRY SHEET'!F58 -> OD09K-2512 W.TANKER | B58: ='02'!C58 -> 3024.2 | C58: 3029.5 | D58: =C58-B58 -> 5.3 | E58: 12 | G58: =D58-H58-I58 -> 5.3 | Q58: =F58+G58+H58+I58+J58+K58+L58+M58+N58+O58+P58 -> 5.3 | R58: ='02'!S58 -> 44164.1 | S58: 44221.9 | T58: =S58-R58 -> 57.8 | U58: 10 | Y58: =X58+W58+V58+U58 -> 10 | AG58: =Z58+AA58+AB58+AC58+AD58+AE58+AF58 -> 0 | AL58: =AH58+AI58 -> 0 | AM58: =AJ58+AK58 -> 0 | AN58: ='02'!AR58 -> 20 | AO58: 100 | AP58: =AO58+AN58 -> 120 | AQ58: =AP58-AR58 -> 50 | AR58: 70 | AS58: =AQ58/D58 -> 9.4339623 | AT58: ='01'!AT58 -> 250 | AU58: =AT58-AR58 -> 180 | AZ58: =AS58*L58 -> 0 | BC58: =AS58*K58 -> 0
A59: ='ENTRY SHEET'!F59 -> 0 | B59: ='02'!C59 -> 0 | D59: =C59-B59 -> 0 | E59: 12 | G59: =D59-H59-I59 -> 0 | Q59: =F59+G59+H59+I59+J59+K59+L59+M59+N59+O59+P59 -> 0 | R59: ='02'!S59 -> 0 | T59: =S59-R59 -> 0 | Y59: =X59+W59+V59+U59 -> 0 | AG59: =Z59+AA59+AB59+AC59+AD59+AE59+AF59 -> 0 | AL59: =AH59+AI59 -> 0 | AM59: =AJ59+AK59 -> 0 | AN59: ='02'!AR59 -> 0 | AP59: =AO59+AN59 -> 0 | AQ59: =AP59-AR59 -> 0 | AS59: =AQ59/D59 -> #DIV/0! | AT59: ='01'!AT59 -> 0 | AU59: =AT59-AR59 -> 0 | AZ59: =AS59*L59 -> #DIV/0! | BC59: =AS59*K59 -> #DIV/0!
A60: ='ENTRY SHEET'!F60 -> DILLING DETALIS | B60: OMR | D60: TOTAL HOURS | E60: PLAN HRS | F60: Breakfast & Lunch hrs | G60: MINES RHS | H60: REHANDLING HRS | I60: SHIFTING HRS | J60: CRUSHER HRS | K60: SCREEN PLANT | L60: LOKO TRACK | M60: IDEL HRS | N60: BREAKDOWN HRS | O60: Marching HRS | P60: Mining Development hrs | Q60: TOTAL HRS | R60: MTRS | S60: HOLE | T60: HARD MTRS | U60: BHQ MTRS | V60: NORMAL | W60: TOTAL MTRS | AG60: =Z60+AA60+AB60+AC60+AD60+AE60+AF60 -> 0 | AN60: ='02'!AR60 -> 0 | AP60: =AO60+AN60 -> 0 | AQ60: =AP60-AR60 -> 0 | AS60: 0 | AT60: ='01'!AT60 -> 0 | AU60: =AT60-AR60 -> 0 | AZ60: =AS60*L60 -> #VALUE! | BC60: =AS60*K60 -> #VALUE!
A61: ='ENTRY SHEET'!F61 -> DRILL-ELGI-650 | B61: ='02'!C61 -> 769.4 | C61: 774.7 | D61: =C61-B61 -> 5.3 | E61: 12 | Q61: =F61+G61+H61+I61+J61+K61+L61+M61+N61+O61+P61 -> 0 | R61: 98 | S61: 25 | U61: 98 | W61: =+T61+U61+V61 -> 98 | AG61: =Z61+AA61+AB61+AC61+AD61+AE61+AF61 -> 0 | AN61: ='02'!AR61 -> 0 | AO61: 340 | AP61: =AO61+AN61 -> 340 | AQ61: =AP61-AR61 -> 340 | AR61: 0 | AS61: =AQ61/D61 -> 64.150943 | AT61: ='01'!AT61 -> 400 | AU61: =AT61-AR61 -> 400 | AZ61: =AS61*L61 -> 0 | BC61: =AS61*K61 -> 0
A62: ='ENTRY SHEET'!F62 -> JRD-600+CD-360 | B62: ='02'!C62 -> 335.9 | C62: 343.4 | D62: =C62-B62 -> 7.5 | E62: 12 | Q62: =F62+G62+H62+I62+J62+K62+L62+M62+N62+O62+P62 -> 0 | R62: 156.2 | S62: 23 | U62: 156.2 | W62: =+T62+U62+V62 -> 156.2 | AG62: =Z62+AA62+AB62+AC62+AD62+AE62+AF62 -> 0 | AN62: ='02'!AR62 -> 0 | AO62: 235 | AP62: =AO62+AN62 -> 235 | AQ62: =AP62-AR62 -> 235 | AR62: 0 | AS62: =AQ62/D62 -> 31.333333 | AT62: ='01'!AT62 -> 400 | AU62: =AT62-AR62 -> 400 | AZ62: =AS62*L62 -> 0 | BC62: =AS62*K62 -> 0
A63: ='ENTRY SHEET'!F63 -> JRD-450+650-1 | B63: ='02'!C63 -> 8185.5 | C63: 8186.7 | D63: =C63-B63 -> 1.2 | E63: 12 | Q63: =F63+G63+H63+I63+J63+K63+L63+M63+N63+O63+P63 -> 0 | R63: 20.4 | S63: 3 | U63: 20.4 | W63: =+T63+U63+V63 -> 20.4 | AG63: =Z63+AA63+AB63+AC63+AD63+AE63+AF63 -> 0 | AN63: ='02'!AR63 -> 0 | AP63: =AO63+AN63 -> 0 | AQ63: =AP63-AR63 -> 0 | AS63: =AQ63/D63 -> 0 | AT63: ='01'!AT63 -> 400 | AU63: =AT63-AR63 -> 400 | AZ63: =AS63*L63 -> 0 | BC63: =AS63*K63 -> 0
A64: ='ENTRY SHEET'!F64 -> 0 | B64: ='02'!C64 -> 0 | D64: =C64-B64 -> 0 | E64: 12 | Q64: =F64+G64+H64+I64+J64+K64+L64+M64+N64+O64+P64 -> 0 | W64: =+T64+U64+V64 -> 0 | AG64: =Z64+AA64+AB64+AC64+AD64+AE64+AF64 -> 0 | AN64: ='02'!AR64 -> 0 | AP64: =AO64+AN64 -> 0 | AQ64: =AP64-AR64 -> 0 | AS64: =AQ64/D64 -> #DIV/0! | AT64: ='01'!AT64 -> 400 | AU64: =AT64-AR64 -> 400 | AZ64: =AS64*L64 -> #DIV/0! | BC64: =AS64*K64 -> #DIV/0!
A65: ='ENTRY SHEET'!F65 -> CRUSHER DETAILS | B65: OMR | D65: TOTAL HOURS | E65: PLAN HRS | F65: Breakfast & Lunch hrs | G65: MINES RHS | H65: REHANDLING HRS | I65: SHIFTING HRS | J65: CRUSHER HRS | K65: SCREEN PLANT | L65: LOKO TRACK | M65: IDEL HRS | N65: BREAKDOWN HRS | O65: Marching HRS | P65: Mining Development hrs | Q65: TOTAL HRS | R65: TOTAL MT | S65: CLO (Approximately) | T65: Fines (Approximately) | U65: Received(ROM) | V65: Received(Blue Dust) | W65: SCREEN TO CRUSHER | Y65: Total Received Trips | Z65: ROM TRIP | AA65: 10\40 TRIP | AB65: FINES TRIP | AC65: LR TRIP | AD65: SUBGRADE TO CRUSHER | AE65: SCREEN TO CRUSHER | AF65: OB TRIPS | AG65: REHANDLING TRIP | AH65: 10\40 TRIP | AI65: FINES TRIP | AJ65: 10\40 MT | AK65: FINES MT | AL65: TOTAL SIFTING TRIP | AM65: TOTAL SIFTING TONES | AN65: ='02'!AR65 -> 0 | AP65: =AO65+AN65 -> 0 | AQ65: =AP65-AR65 -> 0 | AS65: 0 | AT65: ='01'!AT65 -> 0 | AU65: =AT65-AR65 -> 0 | AZ65: =AS65*L65 -> #VALUE! | BC65: =AS65*K65 -> #VALUE!
A66: ='ENTRY SHEET'!F66 -> CRUSHER(FEEDER) | B66: ='02'!C66 -> 1665.97 | C66: 1675.54 | D66: =C66-B66 -> 9.57 | E66: 16 | J66: =D66-G66-H66-I66-K66-L66-O66-P66-F66-M66-N66 -> 9.57 | Q66: =F66+G66+H66+I66+J66+K66+L66+M66+N66+O66+P66 -> 9.57 | R66: 1400 | S66: 700 | T66: =R66-S66 -> 700 | Y66: =U66+V66+W66+X66 -> 0 | AG66: =Z66+AA66+AB66+AC66+AD66+AE66+AF66 -> 0 | AN66: ='02'!AR66 -> 0 | AP66: =AO66+AN66 -> 0 | AQ66: =AP66-AR66 -> 0 | AS66: =AQ66/D66 -> 0 | AT66: ='01'!AT66 -> 0 | AU66: =AT66-AR66 -> 0 | AW66: =ROUNDUP(I66*AS66,0) -> 0 | AX66: =ROUNDUP(H66*AS66,0) -> 0 | AY66: =ROUNDUP(J66*AS66,0) -> 0 | AZ66: =AS66*L66 -> 0 | BC66: =AS66*K66 -> 0
A67: ='ENTRY SHEET'!F67 -> CRUSHER ( JAW ) | B67: ='02'!C67 -> 13436 | C67: 13447 | D67: =C67-B67 -> 11 | E67: 16 | J67: =D67-G67-H67-I67-K67-L67-O67-P67-F67-M67-N67 -> 11 | Q67: =F67+G67+H67+I67+J67+K67+L67+M67+N67+O67+P67 -> 11 | Y67: =U67+V67+W67+X67 -> 0 | AG67: =Z67+AA67+AB67+AC67+AD67+AE67+AF67 -> 0 | AN67: ='02'!AR67 -> 0 | AP67: =AO67+AN67 -> 0 | AQ67: =AP67-AR67 -> 0 | AS67: =AQ67/D67 -> 0 | AT67: ='01'!AT67 -> 0 | AU67: =AT67-AR67 -> 0 | AW67: =ROUNDUP(I67*AS67,0) -> 0 | AX67: =ROUNDUP(H67*AS67,0) -> 0 | AY67: =ROUNDUP(J67*AS67,0) -> 0 | AZ67: =AS67*L67 -> 0 | BC67: =AS67*K67 -> 0
A68: ='ENTRY SHEET'!F68 -> CRUSHER ( CONE ) | B68: ='02'!C68 -> 13508 | C68: 13519 | D68: =C68-B68 -> 11 | E68: 16 | J68: =D68-G68-H68-I68-K68-L68-O68-P68-F68-M68-N68 -> 11 | Q68: =F68+G68+H68+I68+J68+K68+L68+M68+N68+O68+P68 -> 11 | Y68: =U68+V68+W68+X68 -> 0 | AG68: =Z68+AA68+AB68+AC68+AD68+AE68+AF68 -> 0 | AN68: ='02'!AR68 -> 0 | AP68: =AO68+AN68 -> 0 | AQ68: =AP68-AR68 -> 0 | AS68: =AQ68/D68 -> 0 | AT68: ='01'!AT68 -> 0 | AU68: =AT68-AR68 -> 0 | AW68: =ROUNDUP(I68*AS68,0) -> 0 | AX68: =ROUNDUP(H68*AS68,0) -> 0 | AY68: =ROUNDUP(J68*AS68,0) -> 0 | AZ68: =AS68*L68 -> 0 | BC68: =AS68*K68 -> 0
A69: ='ENTRY SHEET'!F69 -> CRUSHER DG | B69: ='02'!C69 -> 17188.21 | C69: 17190.34 | D69: =C69-B69 -> 2.13 | E69: 16 | J69: =D69-G69-H69-I69-K69-L69-O69-P69-F69-M69-N69 -> 2.13 | Q69: =F69+G69+H69+I69+J69+K69+L69+M69+N69+O69+P69 -> 2.13 | Y69: =U69+V69+W69+X69 -> 0 | AG69: =Z69+AA69+AB69+AC69+AD69+AE69+AF69 -> 0 | AL69: =AH69+AI69 -> 0 | AM69: =AJ69+AK69 -> 0 | AN69: ='02'!AR69 -> 437 | AO69: 200 | AP69: =AO69+AN69 -> 637 | AQ69: =AP69-AR69 -> 60 | AR69: 577 | AS69: =AQ69/D69 -> 28.169014 | AT69: ='01'!AT69 -> 1000 | AU69: =AT69-AR69 -> 423 | AW69: =ROUNDUP(I69*AS69,0) -> 0 | AX69: =ROUNDUP(H69*AS69,0) -> 0 | AY69: =ROUNDUP(J69*AS69,0) -> 60 | AZ69: =AS69*L69 -> 0 | BC69: =AS69*K69 -> 0
A70: ='ENTRY SHEET'!F70 -> KAMASTU-210 | B70: ='02'!C70 -> 25792.1 | C70: 25805.4 | D70: =C70-B70 -> 13.3 | E70: 16 | J70: =D70-G70-H70-I70-K70-L70-O70-P70-F70-M70-N70 -> 13.3 | Q70: =F70+G70+H70+I70+J70+K70+L70+M70+N70+O70+P70 -> 13.3 | Y70: =U70+V70+W70+X70 -> 0 | AG70: =Z70+AA70+AB70+AC70+AD70+AE70+AF70 -> 0 | AL70: =AH70+AI70 -> 0 | AM70: =AJ70+AK70 -> 0 | AN70: ='02'!AR70 -> 115 | AO70: 414 | AP70: =AO70+AN70 -> 529 | AQ70: =AP70-AR70 -> 199 | AR70: 330 | AS70: =AQ70/D70 -> 14.962406 | AT70: ='01'!AT70 -> 340 | AU70: =AT70-AR70 -> 10 | AW70: =ROUNDUP(I70*AS70,0) -> 0 | AX70: =ROUNDUP(H70*AS70,0) -> 0 | AY70: =ROUNDUP(J70*AS70,0) -> 199 | AZ70: =AS70*L70 -> 0 | BC70: =AS70*K70 -> 0
A71: ='ENTRY SHEET'!F71 -> JCB-8262 LOADER | B71: ='02'!C71 -> 16002.7 | C71: 16016.5 | D71: =C71-B71 -> 13.8 | E71: 16 | H71: 1 | I71: 3.4 | J71: 0 | P71: 9.4 | Q71: =F71+G71+H71+I71+J71+K71+L71+M71+N71+O71+P71 -> 13.8 | Y71: =U71+V71+W71+X71 -> 0 | AC71: 6 | AG71: =Z71+AA71+AB71+AC71+AD71+AE71+AF71 -> 6 | AH71: 22 | AJ71: 686.42 | AL71: =AH71+AI71 -> 22 | AM71: =AJ71+AK71 -> 686.42 | AN71: ='02'!AR71 -> 90 | AO71: 235 | AP71: =AO71+AN71 -> 325 | AQ71: =AP71-AR71 -> 185 | AR71: 140 | AS71: =AQ71/D71 -> 13.405797 | AT71: ='01'!AT71 -> 210 | AU71: =AT71-AR71 -> 70 | AV71: 9.4 hrs wood shifting | AW71: =ROUNDUP(I71*AS71,0) -> 46 | AX71: =ROUNDUP(H71*AS71,0) -> 14 | AY71: =ROUNDUP(J71*AS71,0) -> 0 | AZ71: =AS71*L71 -> 0 | BC71: =AS71*K71 -> 0
A72: ='ENTRY SHEET'!F72 -> OD09C-5609 JCB | B72: ='02'!C72 -> 16595.5 | C72: 16595.5 | D72: =C72-B72 -> 0 | E72: 16 | J72: =D72-G72-H72-I72-K72-L72-O72-P72-F72-M72-N72 -> 0 | Q72: =F72+G72+H72+I72+J72+K72+L72+M72+N72+O72+P72 -> 0 | Y72: =U72+V72+W72+X72 -> 0 | AG72: =Z72+AA72+AB72+AC72+AD72+AE72+AF72 -> 0 | AL72: =AH72+AI72 -> 0 | AM72: =AJ72+AK72 -> 0 | AN72: ='02'!AR72 -> 165 | AP72: =AO72+AN72 -> 165 | AQ72: =AP72-AR72 -> 0 | AR72: 165 | AS72: =AQ72/D72 -> #DIV/0! | AT72: ='01'!AT72 -> 210 | AU72: =AT72-AR72 -> 45 | AW72: =ROUNDUP(I72*AS72,0) -> #DIV/0! | AX72: =ROUNDUP(H72*AS72,0) -> #DIV/0! | AY72: =ROUNDUP(J72*AS72,0) -> #DIV/0! | AZ72: =AS72*L72 -> #DIV/0! | BC72: =AS72*K72 -> #DIV/0!
A73: ='ENTRY SHEET'!F73 -> TATA LOADER-OD02AY-0516 | B73: ='02'!C73 -> 15507.7 | C73: 15507.7 | D73: =C73-B73 -> 0 | J73: =D73-G73-H73-I73-K73-L73-O73-P73-F73-M73-N73 -> 0 | Q73: =F73+G73+H73+I73+J73+K73+L73+M73+N73+O73+P73 -> 0 | Y73: =U73+V73+W73+X73 -> 0 | AG73: =Z73+AA73+AB73+AC73+AD73+AE73+AF73 -> 0 | AL73: =AH73+AI73 -> 0 | AM73: =AJ73+AK73 -> 0 | AN73: ='02'!AR73 -> 100 | AP73: =AO73+AN73 -> 100 | AQ73: =AP73-AR73 -> 0 | AR73: 100 | AS73: =AQ73/D73 -> #DIV/0! | AT73: ='01'!AT73 -> 0 | AU73: =AT73-AR73 -> -100 | AZ73: =AS73*L73 -> #DIV/0! | BC73: =AS73*K73 -> #DIV/0!
A74: ='ENTRY SHEET'!F74 -> POWER SCREEN DETAILS | B74: OMR | D74: TOTAL HOURS | E74: PLAN HRS | F74: Breakfast & Lunch hrs | G74: MINES RHS | H74: REHANDLING HRS | I74: SHIFTING HRS | J74: CRUSHER HRS | K74: SCREEN PLANT | L74: LOKO TRACK | M74: IDEL HRS | N74: BREAKDOWN HRS | O74: Marching HRS | P74: Mining Development hrs | Q74: TOTAL HRS | R74: TOTAL MT | S74: CLO(Approximately) | T74: Fines(Approx) | U74: Received(ROM) | V74: Received(Blue Dust) | Y74: Total Received Trips | Z74: ROM TRIP | AA74: 10\40 TRIP | AB74: FINES TRIP | AC74: LR TRIP | AD74: SUBGRADE TO CRUSHER | AE74: SCREEN TO CRUSHER | AF74: OB TRIPS | AG74: REHANDLING TRIP | AI74: FINES TRIP | AK74: FINES MT | AL74: TOTAL SIFTING TRIP | AM74: TOTAL SIFTING TONES | AN74: ='02'!AR74 -> 0 | AP74: =AO74+AN74 -> 0 | AQ74: =AP74-AR74 -> 0 | AS74: 0 | AT74: 0 | AU74: 0 | AW74: 0 | AX74: 0 | AY74: 0 | AZ74: =AS74*L74 -> #VALUE! | BC74: =AS74*K74 -> #VALUE!
A75: ='ENTRY SHEET'!F75 -> POWER SCREEN RHS | B75: ='02'!C75 -> 4403.2 | C75: 4403.2 | D75: =C75-B75 -> 0 | E75: 12 | K75: =D75-G75-H75-I75-J75-L75-M75-N75-O75-P75-F75 -> 0 | Q75: =F75+G75+H75+I75+J75+K75+L75+M75+N75+O75+P75 -> 0 | Y75: =X75+W75+V75+U75 -> 0 | AG75: =Z75+AA75+AB75+AC75+AD75+AE75+AF75 -> 0 | AL75: =AH75+AI75 -> 0 | AM75: =AJ75+AK75 -> 0 | AN75: ='02'!AR75 -> 271 | AP75: =AO75+AN75 -> 271 | AQ75: =AP75-AR75 -> 0 | AR75: 271 | AS75: =AQ75/D75 -> #DIV/0! | AT75: ='01'!AT75 -> 0 | AU75: =AT75-AR75 -> -271 | AW75: =ROUNDUP(I75*AS75,0) -> #DIV/0! | AX75: =ROUNDUP(H75*AS75,0) -> #DIV/0! | AY75: =ROUNDUP(J75*AS75,0) -> #DIV/0! | AZ75: =AS75*L75 -> #DIV/0! | BC75: =AS75*K75 -> #DIV/0!
A76: ='ENTRY SHEET'!F76 -> HITACHI-120 | B76: ='02'!C76 -> 13068.1 | C76: 13071 | D76: =C76-B76 -> 2.9 | E76: 12 | H76: 1 | K76: 0 | L76: 1.9 | Q76: =F76+G76+H76+I76+J76+K76+L76+M76+N76 -> 2.9 | Y76: =X76+W76+V76+U76 -> 0 | AC76: 5 | AG76: =Z76+AA76+AB76+AC76+AD76+AE76+AF76 -> 5 | AL76: =AH76+AI76 -> 0 | AM76: =AJ76+AK76 -> 0 | AN76: ='02'!AR76 -> 190 | AP76: =AO76+AN76 -> 190 | AQ76: =AP76-AR76 -> 20 | AR76: 170 | AS76: =AQ76/D76 -> 6.8965517 | AT76: ='01'!AT76 -> 700 | AU76: =AT76-AR76 -> 530 | AW76: =ROUNDUP(I76*AS76,0) -> 0 | AX76: =ROUNDUP(H76*AS76,0) -> 7 | AY76: =ROUNDUP(J76*AS76,0) -> 0 | AZ76: =AS76*L76 -> 13.103448 | BC76: =AS76*K76 -> 0
A77: ='ENTRY SHEET'!F77 -> L-6268 SDLG | B77: ='02'!C77 -> 0 | D77: =C77-B77 -> 0 | E77: 12 | K77: =D77-G77-H77-I77-J77-L77-M77-N77-O77-P77-F77 -> 0 | Q77: =F77+G77+H77+I77+J77+K77+L77+M77+N77 -> 0 | Y77: =X77+W77+V77+U77 -> 0 | AG77: =Z77+AA77+AB77+AC77+AD77+AE77+AF77 -> 0 | AL77: =AH77+AI77 -> 0 | AM77: =AJ77+AK77 -> 0 | AN77: ='02'!AR77 -> 0 | AP77: =AO77+AN77 -> 0 | AQ77: =AP77-AR77 -> 0 | AS77: =AQ77/D77 -> #DIV/0! | AT77: ='01'!AT77 -> 0 | AU77: =AT77-AR77 -> 0 | AZ77: =AS77*L77 -> #DIV/0! | BC77: =AS77*K77 -> #DIV/0!
A78: ='ENTRY SHEET'!F78 -> VICHELE NO. | B78: ='02'!C78 -> 0 | D78: TOTAL HOURS | E78: PLAN HRS | F78: Breakfast & Lunch hrs | G78: MINES RHS | H78: REHANDLING HRS | I78: SHIFTING HRS | J78: CRUSHER HRS | K78: SCREEN PLANT | L78: LOKO TRACK | M78: IDEL HRS | N78: BREAKDOWN HRS | O78: Marching HRS | P78: Mining Development hrs | Q78: TOTAL HRS | R78: TOTAL MT (Approx) | S78: Fines(Approx-60%) | T78: 5*18 (Approx_30%) | U78: Received(ROM) | V78: Received(Blue Dust) | W78: SUBGRADE TO CRUSHER | Y78: Total Received Trips | Z78: ROM TRIP | AA78: 10\40 TRIP | AB78: FINES TRIP | AC78: LR TRIP | AD78: SUBGRADE TO CRUSHER | AE78: SCREEN TO CRUSHER | AF78: OB TRIPS | AG78: REHANDLING TRIP | AH78: 10\40 TRIP | AI78: FINES TRIP | AJ78: 10\40 MT | AK78: FINES MT | AL78: TOTAL SIFTING TRIP | AM78: TOTAL SIFTING TONES | AN78: ='02'!AR78 -> 0 | AP78: =AO78+AN78 -> 0 | AQ78: =AP78-AR78 -> 0 | AS78: =AQ78/D78 -> #VALUE! | AT78: ='01'!AT78 -> 0 | AU78: =AT78-AR78 -> 0 | AW78: 0 | AX78: 0 | AY78: 0 | AZ78: =AS78*L78 -> #VALUE! | BC78: =AS78*K78 -> #VALUE!
A79: ='ENTRY SHEET'!F79 -> LOKO TRACK JAW | B79: ='02'!C79 -> 16155 | C79: 16161 | D79: =C79-B79 -> 6 | E79: =D79-C79 -> -16155 | L79: =D79-G79-H79-I79-J79-K79-M79-N79-O79-P79 -> 6 | Q79: =G79+H79+I79+J79+P79+K79+L79+M79+N79+O79+F79 -> 6 | R79: 0 | Z79: =+V79+W79+X79 -> 0 | AG79: =Z79+AA79+AB79+AC79+AD79+AE79+AF79 -> 0 | AL79: =AH79+AI79 -> 0 | AM79: =AJ79+AK79 -> 0 | AN79: ='02'!AR79 -> 290 | AO79: 200 | AP79: =AO79+AN79 -> 490 | AQ79: =AP79-AR79 -> 105 | AR79: 385 | AS79: =AQ79/D79 -> 17.5 | AT79: ='01'!AT79 -> 0 | AU79: =AT79-AR79 -> -385 | AW79: 0 | AX79: 0 | AY79: 0 | AZ79: =AS79*L79 -> 105 | BA79: 0 | BC79: =AS79*K79 -> 0
A80: ='ENTRY SHEET'!F80 -> LOKO CONE | B80: ='02'!C80 -> 16734 | C80: 16738.9 | D80: =C80-B80 -> 4.9 | E80: =D80-C80 -> -16734 | L80: =D80-G80-H80-I80-J80-K80-M80-N80-O80-P80 -> 4.9 | Q80: =G80+H80+I80+J80+P80+K80+L80+M80+N80+O80+F80 -> 4.9 | R80: 450 | S80: 200 | T80: 250 | Z80: =+V80+W80+X80 -> 0 | AG80: =Z80+AA80+AB80+AC80+AD80+AE80+AF80 -> 0 | AL80: =AH80+AI80 -> 0 | AM80: =AJ80+AK80 -> 0 | AN80: ='02'!AR80 -> 490 | AO80: 200 | AP80: =AO80+AN80 -> 690 | AQ80: =AP80-AR80 -> 147 | AR80: 543 | AS80: =AQ80/D80 -> 30 | AT80: ='01'!AT80 -> 0 | AU80: =AT80-AR80 -> -543 | AW80: 0 | AX80: 0 | AY80: 0 | AZ80: =AS80*L80 -> 147 | BC80: =AS80*K80 -> 0
A81: ='ENTRY SHEET'!F81 -> KOMASTU-200 | B81: ='02'!C81 -> 3358.9 | C81: 3363.2 | D81: =C81-B81 -> 4.3 | E81: =D81-C81 -> -3358.9 | L81: =D81-G81-H81-I81-J81-K81-M81-N81-O81-P81 -> 4.3 | Q81: =G81+H81+I81+J81+P81+K81+L81+M81+N81+O81+F81 -> 4.3 | R81: 0 | Z81: =+V81+W81+X81 -> 0 | AG81: =Z81+AA81+AB81+AC81+AD81+AE81+AF81 -> 0 | AL81: =AH81+AI81 -> 0 | AM81: =AJ81+AK81 -> 0 | AN81: ='02'!AR81 -> 265 | AP81: =AO81+AN81 -> 265 | AQ81: =AP81-AR81 -> 30 | AR81: 235 | AS81: =AQ81/D81 -> 6.9767442 | AT81: ='01'!AT81 -> 0 | AU81: =AT81-AR81 -> -235 | AW81: 0 | AX81: 0 | AY81: 0 | AZ81: =AS81*L81 -> 30 | BC81: =AS81*K81 -> 0
A82: ='ENTRY SHEET'!F82 -> 0 | B82: ='02'!C82 -> 0 | D82: =C82-B82 -> 0 | E82: =D82-C82 -> 0 | R82: 0 | Z82: =+V82+W82+X82 -> 0 | AG82: =Z82+AA82+AB82+AC82+AD82+AE82+AF82 -> 0 | AL82: =AH82+AI82 -> 0 | AM82: =AJ82+AK82 -> 0 | AN82: ='02'!AR82 -> 0 | AP82: =AO82+AN82 -> 0 | AQ82: =AP82-AR82 -> 0 | AS82: =AQ82/D82 -> #DIV/0! | AT82: ='01'!AT82 -> 0 | AU82: =AT82-AR82 -> 0 | AW82: 0 | AX82: 0 | AY82: 0 | AZ82: =AS82*L82 -> #DIV/0! | BC82: =AS82*K82 -> #DIV/0!
A83: ='ENTRY SHEET'!F83 -> 0 | B83: ='02'!C83 -> 0 | D83: =C83-B83 -> 0 | E83: =D83-C83 -> 0 | R83: 0 | Z83: =+V83+W83+X83 -> 0 | AG83: =Z83+AA83+AB83+AC83+AD83+AE83+AF83 -> 0 | AL83: =AH83+AI83 -> 0 | AM83: =AJ83+AK83 -> 0 | AN83: ='02'!AR83 -> 0 | AP83: =AO83+AN83 -> 0 | AQ83: =AP83-AR83 -> 0 | AS83: =AQ83/D83 -> #DIV/0! | AT83: ='01'!AT83 -> 0 | AU83: =AT83-AR83 -> 0 | AZ83: =AS83*L83 -> #DIV/0! | BC83: =AS83*K83 -> #DIV/0!
A84: ='ENTRY SHEET'!F84 -> 0 | B84: ='02'!C84 -> 0 | D84: =C84-B84 -> 0 | E84: =D84-C84 -> 0 | R84: 0 | Z84: =+V84+W84+X84 -> 0 | AG84: =Z84+AA84+AB84+AC84+AD84+AE84+AF84 -> 0 | AL84: =AH84+AI84 -> 0 | AM84: =AJ84+AK84 -> 0 | AN84: ='02'!AR84 -> 0 | AP84: =AO84+AN84 -> 0 | AQ84: =AP84-AR84 -> 0 | AS84: =AQ84/D84 -> #DIV/0! | AT84: ='01'!AT84 -> 0 | AU84: =AT84-AR84 -> 0 | AZ84: =AS84*L84 -> #DIV/0! | BC84: =AS84*K84 -> #DIV/0!
A85: ='ENTRY SHEET'!F85 -> OD09P-2986 (CAMPAR) | B85: ='02'!C85 -> 0 | D85: =C85-B85 -> 0 | AN85: ='02'!AR85 -> 0 | AP85: =AO85+AN85 -> 0 | AQ85: =AP85-AR85 -> 0 | AS85: =AQ85/D85 -> #DIV/0! | AT85: ='01'!AT85 -> 60 | AU85: =AT85-AR85 -> 60 | AZ85: =AS85*L85 -> #DIV/0! | BC85: =AS85*K85 -> #DIV/0!
A86: ='ENTRY SHEET'!F86 -> JH06P-6214 SCORPIO | B86: ='02'!C86 -> 183370 | C86: 183480 | D86: =C86-B86 -> 110 | Q86: =F86+G86+H86+I86+J86+K86+L86-E86 -> 0 | AN86: ='02'!AR86 -> 23 | AP86: =AO86+AN86 -> 23 | AQ86: =AP86-AR86 -> 10 | AR86: 13 | AS86: =AQ86/D86 -> 0.090909091 | AT86: ='01'!AT86 -> 80 | AU86: =AT86-AR86 -> 67 | AW86: 0 | AX86: 0 | AY86: 0 | AZ86: =AS86*L86 -> 0 | BC86: =AS86*K86 -> 0
A87: ='ENTRY SHEET'!F87 -> OD09K-7213 BSM BUS | B87: ='02'!C87 -> 0 | D87: =C87-B87 -> 0 | Q87: =F87+G87+H87+I87+J87+K87+L87-E87 -> 0 | AN87: ='02'!AR87 -> 80 | AP87: =AO87+AN87 -> 80 | AQ87: =AP87-AR87 -> 10 | AR87: 70 | AS87: =AQ87/D87 -> #DIV/0! | AT87: ='01'!AT87 -> 60 | AU87: =AT87-AR87 -> -10 | AW87: 0 | AX87: 0 | AY87: 0 | AZ87: =AS87*L87 -> #DIV/0! | BC87: =AS87*K87 -> #DIV/0!
A88: ='ENTRY SHEET'!F88 -> OD09G-6065 CAMPER | B88: ='02'!C88 -> 166115 | C88: 166115 | D88: =C88-B88 -> 0 | Q88: =F88+G88+H88+I88+J88+K88+L88-E88 -> 0 | AN88: ='02'!AR88 -> 41 | AP88: =AO88+AN88 -> 41 | AQ88: =AP88-AR88 -> 11 | AR88: 30 | AS88: =AQ88/D88 -> #DIV/0! | AT88: ='01'!AT88 -> 120 | AU88: =AT88-AR88 -> 90 | AW88: 0 | AX88: 0 | AY88: 0 | AZ88: =AS88*L88 -> #DIV/0! | BC88: =AS88*K88 -> #DIV/0!
A89: ='ENTRY SHEET'!F89 -> OD09V-5619 TATA YODHA | B89: ='02'!C89 -> 45639 | C89: 45691 | D89: =C89-B89 -> 52 | Q89: =F89+G89+H89+I89+J89+K89+L89-E89 -> 0 | AN89: ='02'!AR89 -> 32 | AP89: =AO89+AN89 -> 32 | AQ89: =AP89-AR89 -> 7 | AR89: 25 | AS89: =AQ89/D89 -> 0.13461538 | AT89: ='01'!AT89 -> 60 | AU89: =AT89-AR89 -> 35 | AW89: 0 | AX89: 0 | AY89: 0 | AZ89: =AS89*L89 -> 0 | BC89: =AS89*K89 -> 0
A90: ='ENTRY SHEET'!F90 -> WATER PUMP | B90: ='02'!C90 -> 0 | D90: =C90-B90 -> 0 | Q90: =F90+G90+H90+I90+J90+K90+L90-E90 -> 0 | AN90: ='02'!AR90 -> 0 | AO90: 5 | AP90: =AO90+AN90 -> 5 | AQ90: =AP90-AR90 -> 5 | AR90: 0 | AS90: =AQ90/D90 -> #DIV/0! | AT90: ='01'!AT90 -> 0 | AU90: =AT90-AR90 -> 0 | AW90: 0 | AX90: 0 | AY90: 0 | AZ90: =AS90*L90 -> #DIV/0! | BC90: =AS90*K90 -> #DIV/0!
A91: ='ENTRY SHEET'!F91 -> JH06H-6198 D.TANKER | B91: ='02'!C91 -> 15477 | C91: 15482 | D91: =C91-B91 -> 5 | Q91: =F91+G91+H91+I91+J91+K91+L91-E91 -> 0 | AN91: ='02'!AR91 -> 50 | AP91: =AO91+AN91 -> 50 | AQ91: =AP91-AR91 -> 20 | AR91: 30 | AS91: =AQ91/D91 -> 4 | AT91: ='01'!AT91 -> 0 | AU91: =AT91-AR91 -> -30 | AW91: 0 | AX91: 0 | AY91: 0 | AZ91: =AS91*L91 -> 0 | BC91: =AS91*K91 -> 0
A92: ='ENTRY SHEET'!F92 -> OMC DG (NIGHT USE) | B92: ='02'!C92 -> 0 | D92: =C92-B92 -> 0 | Q92: =F92+G92+H92+I92+J92+K92+L92-E92 -> 0 | AN92: ='02'!AR92 -> 0 | AP92: =AO92+AN92 -> 0 | AQ92: =AP92-AR92 -> 0 | AS92: =AQ92/D92 -> #DIV/0! | AT92: ='01'!AT92 -> 0 | AU92: =AT92-AR92 -> 0 | AW92: 0 | AX92: 0 | AY92: 0 | AZ92: =AS92*L92 -> #DIV/0! | BC92: =AS92*K92 -> #DIV/0!
A93: ='ENTRY SHEET'!F93 -> HYDRA CRANE-1686 | B93: ='02'!C93 -> 0 | D93: =C93-B93 -> 0 | Q93: =F93+G93+H93+I93+J93+K93+L93-E93 -> 0 | AN93: ='02'!AR93 -> 0 | AP93: =AO93+AN93 -> 0 | AQ93: =AP93-AR93 -> 0 | AS93: =AQ93/D93 -> #DIV/0! | AT93: ='01'!AT93 -> 0 | AU93: =AT93-AR93 -> 0 | AW93: =ROUNDUP(I93*AS93,0) -> #DIV/0! | AX93: =ROUNDUP(H93*AS93,0) -> #DIV/0! | AY93: =ROUNDUP(J93*AS93,0) -> #DIV/0! | AZ93: =AS93*L93 -> #DIV/0! | BC93: =AS93*K93 -> #DIV/0!
A94: ='ENTRY SHEET'!F94 -> 0 | B94: ='02'!C94 -> 0 | D94: =C94-B94 -> 0 | Q94: =F94+G94+H94+I94+J94+K94+L94-E94 -> 0 | AN94: ='02'!AR94 -> 0 | AP94: =AO94+AN94 -> 0 | AQ94: =AP94-AR94 -> 0 | AS94: =AQ94/D94 -> #DIV/0! | AT94: ='01'!AT94 -> 0 | AU94: =AT94-AR94 -> 0 | AW94: 0 | AX94: 0 | AY94: 0 | AZ94: =AS94*L94 -> #DIV/0! | BA94: 0 | BC94: =AS94*K94 -> #DIV/0!
A95: ='ENTRY SHEET'!F95 -> 0 | B95: ='02'!C95 -> 0 | C95: 0 | D95: =C95-B95 -> 0 | AN95: ='02'!AR95 -> 0 | AP95: =AO95+AN95 -> 0 | AQ95: =AP95-AR95 -> 0 | AS95: =AQ95/D95 -> #DIV/0! | AT95: ='01'!AT95 -> 0 | AU95: =AT95-AR95 -> 0 | AW95: 0 | AX95: 0 | AY95: 0 | AZ95: 0 | BA95: 0 | BB95: =AQ95-AW95-AX95-AY95 -> 0
A96: ='ENTRY SHEET'!F96 -> 0 | B96: ='02'!C96 -> 0 | C96: 0 | D96: =C96-B96 -> 0 | AN96: ='02'!AR96 -> 0 | AP96: =AO96+AN96 -> 0 | AQ96: =AP96-AR96 -> 0 | AS96: =AQ96/D96 -> #DIV/0! | AT96: ='01'!AT96 -> 0 | AU96: =AT96-AR96 -> 0 | AW96: 0 | AX96: 0 | AY96: 0 | AZ96: 0 | BA96: 0 | BB96: =AQ96-AW96-AX96-AY96 -> 0
A97: ='ENTRY SHEET'!F97 -> 0 | B97: ='02'!C97 -> 0 | C97: 0 | D97: =C97-B97 -> 0 | AN97: ='02'!AR97 -> 0 | AP97: =AO97+AN97 -> 0 | AQ97: =AP97-AR97 -> 0 | AS97: =AQ97/D97 -> #DIV/0! | AT97: ='01'!AT97 -> 0 | AU97: =AT97-AR97 -> 0 | AW97: 0 | AX97: 0 | AY97: 0 | AZ97: 0 | BA97: 0 | BB97: =AQ97-AW97-AX97-AY97 -> 0
